Organism,Accession_ID,Unique_Key,Genome_GC_percent,Number_of_Genes,Mean_Gene_Length_bp,Total_CDS_Length_bp
Acheta domesticus,MZ440654.1,Acheta domesticus_MZ440654.1,0,13,862.9230769230769,11218
Acheta domesticus,OK504623.1,Acheta domesticus_OK504623.1,0,13,862.9230769230769,11218
Acrida cinerea,GU344100.1,Acrida cinerea_GU344100.1,0,13,860.9230769230769,11192
Acrida cinerea,KX673195.1,Acrida cinerea_KX673195.1,0,13,860.7692307692307,11190
Acrida cinerea_NC,014887.1,Acrida cinerea_NC_014887.1,0,13,860.9230769230769,11192
Acrida oxycephala,PP588449.1,Acrida oxycephala_PP588449.1,0,13,860.6153846153846,11188
Acrida oxycephala_NC,088527.1,Acrida oxycephala_NC_088527.1,0,13,860.6153846153846,11188
Acrida willemsei,EU938372.1,Acrida willemsei_EU938372.1,0,13,859.8461538461538,11178
Acrida willemsei_NC,011303.1,Acrida willemsei_NC_011303.1,0,13,859.8461538461538,11178
Acrotylus insubricus insubricus,OQ830999.1,Acrotylus insubricus insubricus_OQ830999.1,0,13,860.6923076923077,11189
Aeropedellus prominemarginis,OR061135.1,Aeropedellus prominemarginis_OR061135.1,0,13,860.4615384615385,11186
Aeropedellus prominemarginis_NC,084450.1,Aeropedellus prominemarginis_NC_084450.1,0,13,860.4615384615385,11186
Aiolopus simulatrix simulatrix,OQ831000.1,Aiolopus simulatrix simulatrix_OQ831000.1,0,13,860.4615384615385,11186
Aiolopus thalassinus,KY236114.1,Aiolopus thalassinus_KY236114.1,0,13,859.6923076923077,11176
Aiolopus thalassinus tamulus,MK903555.1,Aiolopus thalassinus tamulus_MK903555.1,0,13,859.5384615384615,11174
Aiolopus thalassinus_NC,034674.1,Aiolopus thalassinus_NC_034674.1,0,13,859.6923076923077,11176
Alloxiphidiopsis emarginata,MN562488.1,Alloxiphidiopsis emarginata_MN562488.1,0,13,864.0769230769231,11233
Alloxiphidiopsis emarginata_NC,065298.1,Alloxiphidiopsis emarginata_NC_065298.1,0,13,864.0769230769231,11233
Alulacris shilinensis,MW810985.1,Alulacris shilinensis_MW810985.1,0,13,860.4615384615385,11186
Alulatettix yunnanensis,JQ272702.1,Alulatettix yunnanensis_JQ272702.1,0,13,855.4615384615385,11121
Alulatettix yunnanensis_NC,018542.1,Alulatettix yunnanensis_NC_018542.1,0,13,855.4615384615385,11121
Anabropsis (Apteranabropsis) sp. QS-2017,KY364002.1,Anabropsis (Apteranabropsis) sp. QS-2017_KY364002.1,0,13,862.4615384615385,11212
Anabropsis carli,KY241792.1,Anabropsis carli_KY241792.1,0,13,862.4615384615385,11212
Anabropsis carli_NC,035420.1,Anabropsis carli_NC_035420.1,0,13,862.4615384615385,11212
Anabropsis carnarius,KY296452.1,Anabropsis carnarius_KY296452.1,0,13,862.4615384615385,11212
Anabropsis carnarius_NC,035552.1,Anabropsis carnarius_NC_035552.1,0,13,862.4615384615385,11212
Anabropsis crenatis,KY296453.1,Anabropsis crenatis_KY296453.1,0,13,862.4615384615385,11212
Anabropsis crenatis_NC,035553.1,Anabropsis crenatis_NC_035553.1,0,13,862.4615384615385,11212
Anabropsis daweishanensis,PQ625792.1,Anabropsis daweishanensis_PQ625792.1,0,13,862.9230769230769,11218
Anabropsis erythronota,PQ625789.1,Anabropsis erythronota_PQ625789.1,0,13,863.1538461538462,11221
Anabropsis flavimaculata,PQ625791.1,Anabropsis flavimaculata_PQ625791.1,0,13,863.1538461538462,11221
Anabropsis guangxiensis,ON153176.1,Anabropsis guangxiensis_ON153176.1,0,13,863.1538461538462,11221
Anabropsis guangxiensis_NC,068726.1,Anabropsis guangxiensis_NC_068726.1,0,13,863.1538461538462,11221
Anabropsis maguanensis,ON646276.1,Anabropsis maguanensis_ON646276.1,0,13,862.9230769230769,11218
Anabropsis maguanensis_NC,069981.1,Anabropsis maguanensis_NC_069981.1,0,13,862.9230769230769,11218
Anabropsis multispinula,OM772581.1,Anabropsis multispinula_OM772581.1,0,13,863.1538461538462,11221
Anabropsis multispinula_NC,068725.1,Anabropsis multispinula_NC_068725.1,0,13,863.1538461538462,11221
Anabropsis nigrimaculatis,PQ625790.1,Anabropsis nigrimaculatis_PQ625790.1,0,13,863.1538461538462,11221
Anabropsis pengi,PQ625793.1,Anabropsis pengi_PQ625793.1,0,13,863.3846153846154,11224
Anabropsis shii,ON203963.1,Anabropsis shii_ON203963.1,0,13,862.4615384615385,11212
Anabropsis shii_NC,068727.1,Anabropsis shii_NC_068727.1,0,13,862.4615384615385,11212
Anabropsis tonkinensis,OM048768.1,Anabropsis tonkinensis_OM048768.1,0,13,863.3846153846154,11224
Anabropsis tonkinensis,OM048769.1,Anabropsis tonkinensis_OM048769.1,0,13,863.3846153846154,11224
Anabropsis tonkinensis_NC,068091.1,Anabropsis tonkinensis_NC_068091.1,0,13,863.3846153846154,11224
Anabrus simplex,EF373911.1,Anabrus simplex_EF373911.1,0,13,861.3846153846154,11198
Anabrus simplex_NC,009967.1,Anabrus simplex_NC_009967.1,0,13,861.3846153846154,11198
Anapodisma miramae,MT340751.1,Anapodisma miramae_MT340751.1,0,13,861.5384615384615,11200
Anapodisma miramae_NC,052715.1,Anapodisma miramae_NC_052715.1,0,13,861.5384615384615,11200
Anelytra multicurvata,MZ403754.1,Anelytra multicurvata_MZ403754.1,0,13,862.4615384615385,11212
Anelytra multicurvata_NC,065467.1,Anelytra multicurvata_NC_065467.1,0,13,862.4615384615385,11212
Anelytra obtusa,MZ403755.1,Anelytra obtusa_MZ403755.1,0,13,862.2307692307693,11209
Anelytra obtusa_NC,065466.1,Anelytra obtusa_NC_065466.1,0,13,862.2307692307693,11209
Angaracris barabensis,KM521245.1,Angaracris barabensis_KM521245.1,0,13,857.6153846153846,11149
Angaracris barabensis,MN083193.1,Angaracris barabensis_MN083193.1,0,13,861.3846153846154,11198
Angaracris barabensis_NC,025558.1,Angaracris barabensis_NC_025558.1,0,13,857.6153846153846,11149
Angaracris rhodopa,KM670011.1,Angaracris rhodopa_KM670011.1,0,13,857.9230769230769,11153
Angaracris rhodopa_NC,025946.1,Angaracris rhodopa_NC_025946.1,0,13,857.9230769230769,11153
Angulomastax meiospina,OQ241409.1,Angulomastax meiospina_OQ241409.1,0,13,858.6923076923077,11163
Angulomastax meiospina_NC,072962.1,Angulomastax meiospina_NC_072962.1,0,13,858.6923076923077,11163
Anostostomatidae sp.,PQ442193.1,Anostostomatidae sp._PQ442193.1,0,13,864.0,11232
Anterastes babadaghi,MN138365.1,Anterastes babadaghi_MN138365.1,0,13,863.3846153846154,11224
Anterastes babadaghi_NC,046894.1,Anterastes babadaghi_NC_046894.1,0,13,863.3846153846154,11224
Apalacris nigrogeniculata,MN046211.1,Apalacris nigrogeniculata_MN046211.1,0,13,860.5384615384615,11187
Apalacris nigrogeniculata_NC,046527.1,Apalacris nigrogeniculata_NC_046527.1,0,13,860.5384615384615,11187
Arcyptera coreana,GU324311.1,Arcyptera coreana_GU324311.1,0,13,861.0769230769231,11194
Arcyptera coreana_NC,013805.1,Arcyptera coreana_NC_013805.1,0,13,861.0769230769231,11194
Arcyptera fusca fusca,MH101367.1,Arcyptera fusca fusca_MH101367.1,0,13,860.3076923076923,11184
Arcyptera meridionalis,MG838886.1,Arcyptera meridionalis_MG838886.1,0,13,860.8461538461538,11191
Arcyptera meridionalis,MN083204.1,Arcyptera meridionalis_MN083204.1,0,13,860.1538461538462,11182
Arcyptera meridionalis,MF997490.1,Arcyptera meridionalis_MF997490.1,0,13,860.6153846153846,11188
Arcyptera meridionalis_NC,039962.1,Arcyptera meridionalis_NC_039962.1,0,13,860.8461538461538,11191
Arcyptera microptera microptera,OQ612708.1,Arcyptera microptera microptera_OQ612708.1,0,13,861.0769230769231,11194
Asiotmethis jubatus,KF658071.1,Asiotmethis jubatus_KF658071.1,0,13,859.8461538461538,11178
Asiotmethis jubatus_NC,025904.1,Asiotmethis jubatus_NC_025904.1,0,13,859.8461538461538,11178
Asiotmethis zacharjini,JX468876.1,Asiotmethis zacharjini_JX468876.1,0,13,860.2307692307693,11183
Asiotmethis zacharjini_NC,020328.1,Asiotmethis zacharjini_NC_020328.1,0,13,860.2307692307693,11183
Asulconotus kozlovi,MH091704.1,Asulconotus kozlovi_MH091704.1,0,13,860.3076923076923,11184
Atlanticus sinensis,MK903557.2,Atlanticus sinensis_MK903557.2,0,13,861.6923076923077,11202
Atlanticus sp. ZJZ-2017,KX057730.1,Atlanticus sp. ZJZ-2017_KX057730.1,0,13,863.2307692307693,11222
Atractomorpha lata,OR544953.1,Atractomorpha lata_OR544953.1,0,13,859.9230769230769,11179
Atractomorpha lata_NC,084263.1,Atractomorpha lata_NC_084263.1,0,13,859.9230769230769,11179
Atractomorpha psittacina,MN083194.1,Atractomorpha psittacina_MN083194.1,0,13,860.6923076923077,11189
Atractomorpha psittacina_NC,046552.1,Atractomorpha psittacina_NC_046552.1,0,13,860.6923076923077,11189
Atractomorpha sinensis,EU263919.1,Atractomorpha sinensis_EU263919.1,0,13,858.6923076923077,11163
Atractomorpha sinensis_NC,011824.1,Atractomorpha sinensis_NC_011824.1,0,13,858.6923076923077,11163
Aularches miliaris,OR253923.1,Aularches miliaris_OR253923.1,0,13,859.3076923076923,11171
Aularches miliaris_NC,082223.1,Aularches miliaris_NC_082223.1,0,13,859.3076923076923,11171
Bolivaritettix circocephalus,PQ869512.1,Bolivaritettix circocephalus_PQ869512.1,0,13,852.0769230769231,11077
Bryodema dolichoptera,MN083182.1,Bryodema dolichoptera_MN083182.1,0,13,863.0769230769231,11220
Bryodema dolichoptera_NC,046543.1,Bryodema dolichoptera_NC_046543.1,0,13,863.0769230769231,11220
Bryodema gebleri,OQ470637.1,Bryodema gebleri_OQ470637.1,0,13,860.0,11180
Bryodema kozlovi,MT499330.1,Bryodema kozlovi_MT499330.1,0,13,860.0,11180
Bryodema kozlovi_NC,052731.1,Bryodema kozlovi_NC_052731.1,0,13,860.0,11180
Bryodema luctuosum luctuosum,HQ833839.1,Bryodema luctuosum luctuosum_HQ833839.1,0,13,861.0769230769231,11194
Bryodema miramae miramae,KP889242.1,Bryodema miramae miramae_KP889242.1,0,13,860.0,11180
Bryodema nigroptera,MN083167.1,Bryodema nigroptera_MN083167.1,0,13,863.4615384615385,11225
Bryodema nigroptera_NC,046535.1,Bryodema nigroptera_NC_046535.1,0,13,863.4615384615385,11225
Bryodema qilianshanense,OP373194.1,Bryodema qilianshanense_OP373194.1,0,13,860.4615384615385,11186
Bryodema qilianshanense_NC,071951.1,Bryodema qilianshanense_NC_071951.1,0,13,860.4615384615385,11186
Bryodemacris uvarovi,MN083195.1,Bryodemacris uvarovi_MN083195.1,0,13,863.0,11219
Bryodemacris uvarovi_NC,046553.1,Bryodemacris uvarovi_NC_046553.1,0,13,863.0,11219
Bryodemella diamesum,KU244468.1,Bryodemella diamesum_KU244468.1,0,13,861.0769230769231,11194
Bryodemella holdereri holdereri,KU244469.1,Bryodemella holdereri holdereri_KU244469.1,0,13,861.0769230769231,11194
Bryodemella holdereri holdereri,MN083168.1,Bryodemella holdereri holdereri_MN083168.1,0,13,860.2307692307693,11183
Bryodemella holdereri holdereri_NC,046536.1,Bryodemella holdereri holdereri_NC_046536.1,0,13,860.2307692307693,11183
Bryodemella nigrifemura,KU244467.1,Bryodemella nigrifemura_KU244467.1,0,13,861.0769230769231,11194
Bryodemella tuberculata diluta,KP216695.1,Bryodemella tuberculata diluta_KP216695.1,0,13,861.0769230769231,11194
Bryodemella tuberculata diluta,MN083196.1,Bryodemella tuberculata diluta_MN083196.1,0,13,863.0,11219
Bryodemella tuberculata diluta,PP669995.1,Bryodemella tuberculata diluta_PP669995.1,0,13,861.3846153846154,11198
Bryodemella tuberculata diluta_NC,046554.1,Bryodemella tuberculata diluta_NC_046554.1,0,13,863.0,11219
Cacoplistes rogenhoferi,MH580272.1,Cacoplistes rogenhoferi_MH580272.1,0,13,861.7692307692307,11203
Cacoplistes rogenhoferi_NC,039664.1,Cacoplistes rogenhoferi_NC_039664.1,0,13,861.7692307692307,11203
Calliptamus abbreviatus,KX289321.1,Calliptamus abbreviatus_KX289321.1,0,13,860.2307692307693,11183
Calliptamus abbreviatus_NC,030626.1,Calliptamus abbreviatus_NC_030626.1,0,13,860.2307692307693,11183
Calliptamus barbarus,MN083183.1,Calliptamus barbarus_MN083183.1,0,13,860.6153846153846,11188
Calliptamus barbarus,MT985324.1,Calliptamus barbarus_MT985324.1,0,13,860.6153846153846,11188
Calliptamus barbarus,MZ157401.1,Calliptamus barbarus_MZ157401.1,0,13,860.6153846153846,11188
Calliptamus barbarus_NC,046544.1,Calliptamus barbarus_NC_046544.1,0,13,860.6153846153846,11188
Calliptamus coelesyriensis,PP669993.1,Calliptamus coelesyriensis_PP669993.1,0,13,862.0,11206
Calliptamus coelesyriensis_NC,088745.1,Calliptamus coelesyriensis_NC_088745.1,0,13,862.0,11206
Calliptamus italicus,EU938373.1,Calliptamus italicus_EU938373.1,0,13,860.3846153846154,11185
Calliptamus italicus_NC,011305.1,Calliptamus italicus_NC_011305.1,0,13,860.3846153846154,11185
Camptonotus carolinensis,KM657333.1,Camptonotus carolinensis_KM657333.1,0,13,858.8461538461538,11165
Camptonotus carolinensis_NC,028060.1,Camptonotus carolinensis_NC_028060.1,0,13,858.8461538461538,11165
Carcinopsis sp.,PQ442192.1,Carcinopsis sp._PQ442192.1,0,13,862.9230769230769,11218
Cardiodactylus muiri,MG680938.1,Cardiodactylus muiri_MG680938.1,0,13,862.0769230769231,11207
Cardiodactylus muiri_NC,037914.1,Cardiodactylus muiri_NC_037914.1,0,13,862.0769230769231,11207
Caryanda elegans,MF095791.1,Caryanda elegans_MF095791.1,0,13,860.3076923076923,11184
Caryanda elegans_NC,036750.1,Caryanda elegans_NC_036750.1,0,13,860.3076923076923,11184
Caryanda sp. ZH-2016,KU375571.1,Caryanda sp. ZH-2016_KU375571.1,0,13,860.3846153846154,11185
Caryanda sp. ZH-2016_NC,030165.1,Caryanda sp. ZH-2016_NC_030165.1,0,13,860.3846153846154,11185
Caryandoides hunanica,MT916718.1,Caryandoides hunanica_MT916718.1,0,13,861.6153846153846,11201
Caryandoides hunanica_NC,053659.1,Caryandoides hunanica_NC_053659.1,0,13,861.6153846153846,11201
Ceracris fasciata fasciata,KP872953.1,Ceracris fasciata fasciata_KP872953.1,0,13,860.9230769230769,11192
Ceracris fasciata fasciata,MK903585.1,Ceracris fasciata fasciata_MK903585.1,0,13,860.8461538461538,11191
Ceracris fasciata fasciata_NC,043956.1,Ceracris fasciata fasciata_NC_043956.1,0,13,860.9230769230769,11192
Ceracris hainanensis,KY000077.1,Ceracris hainanensis_KY000077.1,0,13,862.0769230769231,11207
Ceracris hainanensis_NC,059683.1,Ceracris hainanensis_NC_059683.1,0,13,862.0769230769231,11207
Ceracris hoffmanni,KY130417.1,Ceracris hoffmanni_KY130417.1,0,13,862.0769230769231,11207
Ceracris hoffmanni_NC,059852.1,Ceracris hoffmanni_NC_059852.1,0,13,862.0769230769231,11207
Ceracris kiangsu,GU270284.1,Ceracris kiangsu_GU270284.1,0,13,861.4615384615385,11199
Ceracris kiangsu_NC,019994.1,Ceracris kiangsu_NC_019994.1,0,13,861.4615384615385,11199
Ceracris nigricornis nigricornis,MK903558.2,Ceracris nigricornis nigricornis_MK903558.2,0,13,860.3076923076923,11184
Ceracris nigricornis nigricornis,MF997464.1,Ceracris nigricornis nigricornis_MF997464.1,0,13,860.6923076923077,11189
Ceracris versicolor,KJ188251.1,Ceracris versicolor_KJ188251.1,0,13,859.7692307692307,11177
Ceracris versicolor_NC,025285.1,Ceracris versicolor_NC_025285.1,0,13,859.7692307692307,11177
Ceuthophilus sp.,OR551732.1,Ceuthophilus sp._OR551732.1,0,13,862.0,11206
Chandozhinskia hastaticercus,OM892711.1,Chandozhinskia hastaticercus_OM892711.1,0,13,863.0,11219
Chandozhinskia hastaticercus_NC,068777.1,Chandozhinskia hastaticercus_NC_068777.1,0,13,863.0,11219
China mantispoides,OQ241410.1,China mantispoides_OQ241410.1,0,13,860.8461538461538,11191
China mantispoides_NC,072963.1,China mantispoides_NC_072963.1,0,13,860.8461538461538,11191
Chizuella bonneti,MH685924.1,Chizuella bonneti_MH685924.1,0,13,863.4615384615385,11225
Chizuella bonneti,KX057723.1,Chizuella bonneti_KX057723.1,0,13,863.6923076923077,11228
Chizuella bonneti_NC,033986.1,Chizuella bonneti_NC_033986.1,0,13,863.6923076923077,11228
Chondracris rosea,GU249619.1,Chondracris rosea_GU249619.1,0,13,862.3846153846154,11211
Chondracris rosea_NC,019993.1,Chondracris rosea_NC_019993.1,0,13,862.3846153846154,11211
Choroedocus capensis,MK059458.1,Choroedocus capensis_MK059458.1,0,13,860.2307692307693,11183
Choroedocus capensis,MN046212.1,Choroedocus capensis_MN046212.1,0,13,860.2307692307693,11183
Choroedocus capensis_NC,041116.1,Choroedocus capensis_NC_041116.1,0,13,860.2307692307693,11183
Choroedocus violaceipes,KY236113.1,Choroedocus violaceipes_KY236113.1,0,13,861.1538461538462,11195
Choroedocus violaceipes,MK903559.2,Choroedocus violaceipes_MK903559.2,0,13,860.1538461538462,11182
Choroedocus violaceipes_NC,034673.1,Choroedocus violaceipes_NC_034673.1,0,13,861.1538461538462,11195
Chorthippus aethalinus,MK903586.1,Chorthippus aethalinus_MK903586.1,0,13,861.5384615384615,11200
Chorthippus albonemus,OQ274913.1,Chorthippus albonemus_OQ274913.1,0,13,860.6153846153846,11188
Chorthippus albonemus,OP373195.1,Chorthippus albonemus_OP373195.1,0,13,860.8461538461538,11191
Chorthippus albonemus_NC,071952.1,Chorthippus albonemus_NC_071952.1,0,13,860.8461538461538,11191
Chorthippus chayuensis,PV216184.1,Chorthippus chayuensis_PV216184.1,0,13,860.3846153846154,11185
Chorthippus dubius,OP474146.1,Chorthippus dubius_OP474146.1,0,13,861.5384615384615,11200
Chorthippus dubius_NC,071964.1,Chorthippus dubius_NC_071964.1,0,13,861.5384615384615,11200
Chorthippus fallax,MK693137.1,Chorthippus fallax_MK693137.1,0,13,860.8461538461538,11191
Chorthippus fallax,MK903588.2,Chorthippus fallax_MK903588.2,0,13,861.0769230769231,11194
Chorthippus fallax_NC,048465.1,Chorthippus fallax_NC_048465.1,0,13,860.8461538461538,11191
Chorthippus hallasanus,PV601189.1,Chorthippus hallasanus_PV601189.1,0,13,861.6923076923077,11202
Chorthippus hebeiensis,MH101364.1,Chorthippus hebeiensis_MH101364.1,0,13,861.6923076923077,11202
Chorthippus maritimus huabeiensis,MK903587.2,Chorthippus maritimus huabeiensis_MK903587.2,0,13,859.6923076923077,11176
Chorthippus nemus,MK903589.2,Chorthippus nemus_MK903589.2,0,13,860.3846153846154,11185
Chorthippus parallelus erythropus,MT166300.1,Chorthippus parallelus erythropus_MT166300.1,0,13,860.6153846153846,11188
Chorthippus parallelus erythropus,MT166301.1,Chorthippus parallelus erythropus_MT166301.1,0,13,860.6153846153846,11188
Chorthippus parallelus erythropus_NC,056786.1,Chorthippus parallelus erythropus_NC_056786.1,0,13,860.6153846153846,11188
Chorthippus parallelus parallelus,MT166299.1,Chorthippus parallelus parallelus_MT166299.1,0,13,860.3846153846154,11185
Chorthippus parallelus parallelus,MT166298.1,Chorthippus parallelus parallelus_MT166298.1,0,13,860.6153846153846,11188
Chorthippus parallelus parallelus_NC,056785.1,Chorthippus parallelus parallelus_NC_056785.1,0,13,860.6153846153846,11188
Chorthippus qingzangensis,OQ196104.1,Chorthippus qingzangensis_OQ196104.1,0,13,860.7692307692307,11190
Chorthippus qingzangensis_NC,072940.1,Chorthippus qingzangensis_NC_072940.1,0,13,860.7692307692307,11190
Chorthippus sp. AHNU01,MW119358.1,Chorthippus sp. AHNU01_MW119358.1,0,13,860.3846153846154,11185
Comicus campestris,KM657337.1,Comicus campestris_KM657337.1,0,13,865.8461538461538,11256
Comicus campestris_NC,028062.1,Comicus campestris_NC_028062.1,0,13,865.8461538461538,11256
Compsorhipis davidiana,KT157830.1,Compsorhipis davidiana_KT157830.1,0,13,860.0,11180
Compsorhipis davidiana_NC,029408.1,Compsorhipis davidiana_NC_029408.1,0,13,860.0,11180
Conanalus pieli,KX057724.1,Conanalus pieli_KX057724.1,0,13,862.0769230769231,11207
Conanalus pieli,MH712457.1,Conanalus pieli_MH712457.1,0,13,862.5384615384615,11213
Conanalus pieli_NC,033987.1,Conanalus pieli_NC_033987.1,0,13,862.0769230769231,11207
Conocephalus differentus,MF347703.1,Conocephalus differentus_MF347703.1,0,13,860.3846153846154,11185
Conocephalus gladiatus,MT849265.1,Conocephalus gladiatus_MT849265.1,0,13,863.1538461538462,11221
Conocephalus maculatus,HQ711931.1,Conocephalus maculatus_HQ711931.1,0,13,862.6923076923077,11215
Conocephalus maculatus,KM244677.1,Conocephalus maculatus_KM244677.1,0,13,861.8461538461538,11204
Conocephalus maculatus_NC,045065.1,Conocephalus maculatus_NC_045065.1,0,13,861.8461538461538,11204
Conocephalus melaenus,KY407794.1,Conocephalus melaenus_KY407794.1,0,13,863.4615384615385,11225
Conocephalus melaenus,KX057725.1,Conocephalus melaenus_KX057725.1,0,13,862.5384615384615,11213
Conocephalus melaenus_NC,033988.1,Conocephalus melaenus_NC_033988.1,0,13,862.5384615384615,11213
Conophyma sp.,ON943040.1,Conophyma sp._ON943040.1,0,13,859.9230769230769,11179
Conophymacris viridis,MN046213.1,Conophymacris viridis_MN046213.1,0,13,859.9230769230769,11179
Conophymacris viridis_NC,046528.1,Conophymacris viridis_NC_046528.1,0,13,859.9230769230769,11179
Coptotettix longtanensis,OK540319.1,Coptotettix longtanensis_OK540319.1,0,13,853.5384615384615,11096
Cosmetura nigrogeniculata,MK801775.1,Cosmetura nigrogeniculata_MK801775.1,0,13,862.9230769230769,11218
Cosmetura nigrogeniculata_NC,045212.1,Cosmetura nigrogeniculata_NC_045212.1,0,13,862.9230769230769,11218
Curvipennis wixiensis,KX553995.1,Curvipennis wixiensis_KX553995.1,0,13,860.8461538461538,11191
Curvipennis wixiensis_NC,031397.1,Curvipennis wixiensis_NC_031397.1,0,13,860.8461538461538,11191
Cylindraustralia sp. HS-2014,KM657334.1,Cylindraustralia sp. HS-2014_KM657334.1,0,13,859.8461538461538,11178
Cyphoderris monstrosa,KM657332.1,Cyphoderris monstrosa_KM657332.1,0,13,862.0,11206
Cyphoderris monstrosa_NC,028059.1,Cyphoderris monstrosa_NC_028059.1,0,13,862.0,11206
Cyrtacanthacris tatarica,MK352102.1,Cyrtacanthacris tatarica_MK352102.1,0,13,862.3076923076923,11210
Dasyhippus barbipes,MH196878.1,Dasyhippus barbipes_MH196878.1,0,13,860.3076923076923,11184
Dasyhippus barbipes_NC,041412.1,Dasyhippus barbipes_NC_041412.1,0,13,860.3076923076923,11184
Dasyhippus peipingensis,OR066428.1,Dasyhippus peipingensis_OR066428.1,0,13,860.4615384615385,11186
Dasyhippus peipingensis_NC,084452.1,Dasyhippus peipingensis_NC_084452.1,0,13,860.4615384615385,11186
Decma fissa,KX057710.1,Decma fissa_KX057710.1,0,13,862.6923076923077,11215
Decma fissa_NC,033981.1,Decma fissa_NC_033981.1,0,13,862.6923076923077,11215
Deracantha onos,EU137664.1,Deracantha onos_EU137664.1,0,13,862.3076923076923,11210
Deracantha onos_NC,011813.1,Deracantha onos_NC_011813.1,0,13,862.3076923076923,11210
Dericorys annulata,MN083198.1,Dericorys annulata_MN083198.1,0,13,860.2307692307693,11183
Dericorys annulata_NC,046555.1,Dericorys annulata_NC_046555.1,0,13,860.2307692307693,11183
Dericorys tibialis,PP669991.1,Dericorys tibialis_PP669991.1,0,13,861.6153846153846,11201
Dericorys tibialis_NC,088743.1,Dericorys tibialis_NC_088743.1,0,13,861.6153846153846,11201
Diabolocatantops pinguis,MH671309.1,Diabolocatantops pinguis_MH671309.1,0,13,860.6153846153846,11188
Diabolocatantops pinguis,MT916719.1,Diabolocatantops pinguis_MT916719.1,0,13,861.6153846153846,11201
Diabolocatantops pinguis_NC,042904.1,Diabolocatantops pinguis_NC_042904.1,0,13,860.6153846153846,11188
Dianemobius fascipes,MK303550.1,Dianemobius fascipes_MK303550.1,0,13,856.2307692307693,11131
Dianemobius fascipes nigrofasciatus,OP854596.1,Dianemobius fascipes nigrofasciatus_OP854596.1,0,13,857.2307692307693,11144
Dianemobius fascipes_NC,045846.1,Dianemobius fascipes_NC_045846.1,0,13,856.6153846153846,11136
Dianemobius furumagiensis,MK303551.1,Dianemobius furumagiensis_MK303551.1,0,13,857.0,11141
Dianemobius furumagiensis_NC,045847.1,Dianemobius furumagiensis_NC_045847.1,0,13,856.7692307692307,11138
Diestramima sp. ZJZ-2017,KX057718.1,Diestramima sp. ZJZ-2017_KX057718.1,0,13,862.8461538461538,11217
Diestramima tibetensis,KX057740.1,Diestramima tibetensis_KX057740.1,0,13,863.7692307692307,11229
Diestrammena asynamora,KX057726.1,Diestrammena asynamora_KX057726.1,0,13,863.7692307692307,11229
Diestrammena asynamora_NC,033989.1,Diestrammena asynamora_NC_033989.1,0,13,863.7692307692307,11229
Diestrammena japanica,MK347245.1,Diestrammena japanica_MK347245.1,0,13,863.8461538461538,11230
Diestrammena sp.,MT849270.1,Diestrammena sp._MT849270.1,0,13,863.0769230769231,11220
Dnopherula yuanmowensis,KY747520.1,Dnopherula yuanmowensis_KY747520.1,0,13,860.6153846153846,11188
Dnopherula yuanmowensis_NC,039408.1,Dnopherula yuanmowensis_NC_039408.1,0,13,860.6153846153846,11188
Dociostaurus kraussi kraussi,OQ470638.1,Dociostaurus kraussi kraussi_OQ470638.1,0,13,860.3846153846154,11185
Dociostaurus tartarus,OQ470639.1,Dociostaurus tartarus_OQ470639.1,0,13,859.9230769230769,11179
Ducetia japonica,KY612457.1,Ducetia japonica_KY612457.1,0,13,862.2307692307693,11209
Ducetia japonica,KU885974.1,Ducetia japonica_KU885974.1,0,13,862.6923076923077,11215
Ducetia japonica_NC,031652.1,Ducetia japonica_NC_031652.1,0,13,862.6923076923077,11215
Ducetia sp. NS-2016,KX673198.1,Ducetia sp. NS-2016_KX673198.1,0,13,863.3076923076923,11223
Duolandrevus obsidianus,OM935773.1,Duolandrevus obsidianus_OM935773.1,0,13,861.6153846153846,11201
Duolandrevus obsidianus_NC,087742.1,Duolandrevus obsidianus_NC_087742.1,0,13,861.6153846153846,11201
Eclipophleps carinata,MN968347.1,Eclipophleps carinata_MN968347.1,0,13,860.1538461538462,11182
Eclipophleps carinata_NC,054195.1,Eclipophleps carinata_NC_054195.1,0,13,860.1538461538462,11182
Edentatettix leyeensis,PQ826484.1,Edentatettix leyeensis_PQ826484.1,0,13,853.3076923076923,11093
Elimaea berezovskii,MT849266.1,Elimaea berezovskii_MT849266.1,0,13,863.1538461538462,11221
Elimaea cheni,GU323362.1,Elimaea cheni_GU323362.1,0,13,863.3846153846154,11224
Ellipes minuta,GU945502.1,Ellipes minuta_GU945502.1,0,13,861.6923076923077,11202
Ellipes minuta_NC,014488.1,Ellipes minuta_NC_014488.1,0,13,861.6923076923077,11202
Emeiacris maculata,MN083199.1,Emeiacris maculata_MN083199.1,0,13,860.3846153846154,11185
Emeiacris maculata_NC,046556.1,Emeiacris maculata_NC_046556.1,0,13,860.3846153846154,11185
Endecous chape,OQ935836.1,Endecous chape_OQ935836.1,0,13,862.3846153846154,11211
Endecous onthophagus,OQ935837.1,Endecous onthophagus_OQ935837.1,0,13,863.7692307692307,11229
Eotmethis rufemarginis,ON209122.1,Eotmethis rufemarginis_ON209122.1,0,13,861.3846153846154,11198
Eotmethis rufemarginis,PP911003.1,Eotmethis rufemarginis_PP911003.1,0,13,860.6153846153846,11188
Eotmethis rufemarginis,PP887503.1,Eotmethis rufemarginis_PP887503.1,0,13,861.3846153846154,11198
Eotmethis rufemarginis_NC,068909.1,Eotmethis rufemarginis_NC_068909.1,0,13,861.3846153846154,11198
Eozubovskya planicaudata,KM211573.1,Eozubovskya planicaudata_KM211573.1,0,13,860.0769230769231,11181
Epacromius coerulipes,MT499331.1,Epacromius coerulipes_MT499331.1,0,13,860.6923076923077,11189
Epacromius coerulipes_NC,052732.1,Epacromius coerulipes_NC_052732.1,0,13,860.6923076923077,11189
Epacromius tergestinus,OQ282996.1,Epacromius tergestinus_OQ282996.1,0,13,860.4615384615385,11186
Epacromius tergestinus_NC,080530.1,Epacromius tergestinus_NC_080530.1,0,13,860.4615384615385,11186
Ergatettix dorsifera,MN083175.1,Ergatettix dorsifera_MN083175.1,0,13,854.3076923076923,11106
Ergatettix dorsifera_NC,046540.1,Ergatettix dorsifera_NC_046540.1,0,13,854.3076923076923,11106
Erianthus versicolor,OQ241411.1,Erianthus versicolor_OQ241411.1,0,13,858.0769230769231,11155
Erianthus versicolor,JQ975394.1,Erianthus versicolor_JQ975394.1,0,13,856.0769230769231,11129
Erianthus versicolor_NC,072964.1,Erianthus versicolor_NC_072964.1,0,13,858.0769230769231,11155
Euchorthippus cheui,OQ274914.1,Euchorthippus cheui_OQ274914.1,0,13,860.6153846153846,11188
Euchorthippus cheui_NC,085676.1,Euchorthippus cheui_NC_085676.1,0,13,860.6153846153846,11188
Euchorthippus fusigeniculatus,HM583652.1,Euchorthippus fusigeniculatus_HM583652.1,0,13,859.3846153846154,11172
Euchorthippus fusigeniculatus_NC,014449.1,Euchorthippus fusigeniculatus_NC_014449.1,0,13,859.3846153846154,11172
Euchorthippus unicolor,MK113716.1,Euchorthippus unicolor_MK113716.1,0,13,860.0769230769231,11181
Euchorthippus unicolor_NC,045237.1,Euchorthippus unicolor_NC_045237.1,0,13,860.0769230769231,11181
Euconocephalus nasutus,MN183101.1,Euconocephalus nasutus_MN183101.1,0,13,862.3076923076923,11210
Euconocephalus nasutus_NC,053383.1,Euconocephalus nasutus_NC_053383.1,0,13,862.3076923076923,11210
Euconocephalus pallidus,MW009066.1,Euconocephalus pallidus_MW009066.1,0,13,861.7692307692307,11203
Eucriotettix amplifemurus,PQ524196.1,Eucriotettix amplifemurus_PQ524196.1,0,13,853.4615384615385,11095
Euparatettix bimaculatus,MN083177.1,Euparatettix bimaculatus_MN083177.1,0,13,852.6923076923077,11085
Euparatettix bimaculatus_NC,046541.1,Euparatettix bimaculatus_NC_046541.1,0,13,852.6923076923077,11085
Euparatettix tridentatus,OR260076.1,Euparatettix tridentatus_OR260076.1,0,13,852.9230769230769,11088
Euparatettix tridentatus_NC,082933.1,Euparatettix tridentatus_NC_082933.1,0,13,852.9230769230769,11088
Euparatettix variabilis,MN083178.1,Euparatettix variabilis_MN083178.1,0,13,852.6923076923077,11085
Euparatettix variabilis_NC,046542.1,Euparatettix variabilis_NC_046542.1,0,13,852.6923076923077,11085
Euscyrtinae sp.,ON619890.1,Euscyrtinae sp._ON619890.1,0,13,863.3076923076923,11223
Euthystira luteifemora,MN083200.1,Euthystira luteifemora_MN083200.1,0,13,860.3846153846154,11185
Euthystira luteifemora_NC,046557.1,Euthystira luteifemora_NC_046557.1,0,13,860.3846153846154,11185
Exogryllacris ornata,PQ442190.1,Exogryllacris ornata_PQ442190.1,0,13,864.5384615384615,11239
Exothotettix guangxiensis,OR260077.1,Exothotettix guangxiensis_OR260077.1,0,13,853.8461538461538,11100
Exothotettix guangxiensis_NC,082934.1,Exothotettix guangxiensis_NC_082934.1,0,13,853.8461538461538,11100
Fer nigripennis,MT916717.1,Fer nigripennis_MT916717.1,0,13,860.9230769230769,11192
Fer nigripennis_NC,053658.1,Fer nigripennis_NC_053658.1,0,13,860.9230769230769,11192
Filchnerella amplivertica,MZ433418.1,Filchnerella amplivertica_MZ433418.1,0,13,859.8461538461538,11178
Filchnerella beicki,KC831767.1,Filchnerella beicki_KC831767.1,0,13,860.2307692307693,11183
Filchnerella beicki_NC,024923.1,Filchnerella beicki_NC_024923.1,0,13,860.2307692307693,11183
Filchnerella dingxiensis,MZ433419.1,Filchnerella dingxiensis_MZ433419.1,0,13,860.2307692307693,11183
Filchnerella helanshanensis,JX468877.1,Filchnerella helanshanensis_JX468877.1,0,13,860.2307692307693,11183
Filchnerella helanshanensis_NC,020329.1,Filchnerella helanshanensis_NC_020329.1,0,13,860.2307692307693,11183
Filchnerella kukunoris,MK903590.1,Filchnerella kukunoris_MK903590.1,0,13,861.3846153846154,11198
Filchnerella nigritibia,MZ433420.1,Filchnerella nigritibia_MZ433420.1,0,13,860.6923076923077,11189
Filchnerella nigritibia,PP911004.1,Filchnerella nigritibia_PP911004.1,0,13,860.6153846153846,11188
Filchnerella nigritibia,PP887500.1,Filchnerella nigritibia_PP887500.1,0,13,861.3846153846154,11198
Filchnerella pamphagoides,MZ433417.1,Filchnerella pamphagoides_MZ433417.1,0,13,860.2307692307693,11183
Filchnerella qilianshanensis,MN083201.1,Filchnerella qilianshanensis_MN083201.1,0,13,860.2307692307693,11183
Filchnerella qilianshanensis_NC,046558.1,Filchnerella qilianshanensis_NC_046558.1,0,13,860.2307692307693,11183
Filchnerella rubrimargina,MT499332.1,Filchnerella rubrimargina_MT499332.1,0,13,860.2307692307693,11183
Filchnerella rubrimargina_NC,052733.1,Filchnerella rubrimargina_NC_052733.1,0,13,860.2307692307693,11183
Filchnerella sunanensis,MK903591.1,Filchnerella sunanensis_MK903591.1,0,13,861.1538461538462,11195
Filchnerella sunanensis,MZ433421.1,Filchnerella sunanensis_MZ433421.1,0,13,860.2307692307693,11183
Filchnerella sunanensis,PP887501.1,Filchnerella sunanensis_PP887501.1,0,13,861.3846153846154,11198
Filchnerella tenggerensis,MN083202.1,Filchnerella tenggerensis_MN083202.1,0,13,860.2307692307693,11183
Filchnerella tenggerensis_NC,046559.1,Filchnerella tenggerensis_NC_046559.1,0,13,860.2307692307693,11183
Filchnerella yongdengensis,MK903560.1,Filchnerella yongdengensis_MK903560.1,0,13,860.3846153846154,11185
Flatocerus nankunshanensis,PQ767100.1,Flatocerus nankunshanensis_PQ767100.1,0,13,853.6923076923077,11098
Formosatettix dayaoshanensis,PQ869510.1,Formosatettix dayaoshanensis_PQ869510.1,0,13,852.1538461538462,11078
Fruhstorferiola huayinensis,KU668856.1,Fruhstorferiola huayinensis_KU668856.1,0,13,861.0769230769231,11194
Fruhstorferiola huayinensis_NC,031379.1,Fruhstorferiola huayinensis_NC_031379.1,0,13,861.0769230769231,11194
Fruhstorferiola kulinga,KP347043.1,Fruhstorferiola kulinga_KP347043.1,0,13,860.1538461538462,11182
Fruhstorferiola kulinga_NC,026716.1,Fruhstorferiola kulinga_NC_026716.1,0,13,860.1538461538462,11182
Fruhstorferiola omei,MN083184.1,Fruhstorferiola omei_MN083184.1,0,13,860.3846153846154,11185
Fruhstorferiola omei_NC,046545.1,Fruhstorferiola omei_NC_046545.1,0,13,860.3846153846154,11185
Fruhstorferiola sp. DLG-2016,KU355786.1,Fruhstorferiola sp. DLG-2016_KU355786.1,0,13,860.6153846153846,11188
Fruhstorferiola tonkinensis,KU942377.1,Fruhstorferiola tonkinensis_KU942377.1,0,13,860.0,11180
Fruhstorferiola tonkinensis_NC,031817.1,Fruhstorferiola tonkinensis_NC_031817.1,0,13,860.0,11180
Furcilarnaca armata,OL826861.1,Furcilarnaca armata_OL826861.1,0,13,862.4615384615385,11212
Furcilarnaca armata,OL502167.1,Furcilarnaca armata_OL502167.1,0,13,862.8461538461538,11217
Furcilarnaca armata,OL544941.1,Furcilarnaca armata_OL544941.1,0,13,862.9230769230769,11218
Furcilarnaca armata_NC,067618.1,Furcilarnaca armata_NC_067618.1,0,13,862.8461538461538,11217
Furcilarnaca chirurga,OL502168.1,Furcilarnaca chirurga_OL502168.1,0,13,863.0769230769231,11220
Furcilarnaca chirurga,OL470659.1,Furcilarnaca chirurga_OL470659.1,0,13,863.0769230769231,11220
Furcilarnaca chirurga,ON055390.1,Furcilarnaca chirurga_ON055390.1,0,13,861.5384615384615,11200
Furcilarnaca chirurga_NC,067622.1,Furcilarnaca chirurga_NC_067622.1,0,13,863.0769230769231,11220
Furcilarnaca wufengensis,OL519601.1,Furcilarnaca wufengensis_OL519601.1,0,13,862.0769230769231,11207
Furcilarnaca wufengensis,OL470660.1,Furcilarnaca wufengensis_OL470660.1,0,13,861.9230769230769,11205
Furcilarnaca wufengensis,OL826860.1,Furcilarnaca wufengensis_OL826860.1,0,13,862.0,11206
Furcilarnaca wufengensis_NC,067623.1,Furcilarnaca wufengensis_NC_067623.1,0,13,861.9230769230769,11205
Gampsocleis gratiosa,EU527333.1,Gampsocleis gratiosa_EU527333.1,0,13,862.4615384615385,11212
Gampsocleis gratiosa gratiosa,MW092767.1,Gampsocleis gratiosa gratiosa_MW092767.1,0,13,862.8461538461538,11217
Gampsocleis gratiosa_NC,011200.1,Gampsocleis gratiosa_NC_011200.1,0,13,862.4615384615385,11212
Gampsocleis sedakovii,MK903561.2,Gampsocleis sedakovii_MK903561.2,0,13,862.6923076923077,11215
Gampsocleis sinensis,MT849267.1,Gampsocleis sinensis_MT849267.1,0,13,862.7692307692307,11216
Gastrimargus marmoratus,EU513373.1,Gastrimargus marmoratus_EU513373.1,0,13,861.7692307692307,11203
Gastrimargus marmoratus,EU527334.1,Gastrimargus marmoratus_EU527334.1,0,13,858.6153846153846,11162
Gastrimargus marmoratus_NC,011114.1,Gastrimargus marmoratus_NC_011114.1,0,13,861.7692307692307,11203
Gesonula punctifrons,PP157623.1,Gesonula punctifrons_PP157623.1,0,13,860.1538461538462,11182
Gesonula punctifrons,MN046214.1,Gesonula punctifrons_MN046214.1,0,13,860.4615384615385,11186
Gesonula punctifrons_NC,046411.1,Gesonula punctifrons_NC_046411.1,0,13,860.4615384615385,11186
Gibbotettix parvipulvillus,PQ869511.1,Gibbotettix parvipulvillus_PQ869511.1,0,13,855.3846153846154,11120
Gomphocerippus rufus,MK903592.1,Gomphocerippus rufus_MK903592.1,0,13,862.0,11206
Gomphocerippus rufus,GU294759.1,Gomphocerippus rufus_GU294759.1,0,13,861.6923076923077,11202
Gomphocerippus rufus_NC,014349.1,Gomphocerippus rufus_NC_014349.1,0,13,861.6923076923077,11202
Gomphocerus licenti,GQ180102.1,Gomphocerus licenti_GQ180102.1,0,13,859.9230769230769,11179
Gomphocerus licenti_NC,013847.1,Gomphocerus licenti_NC_013847.1,0,13,859.9230769230769,11179
Gomphocerus sibiricus,JX122541.1,Gomphocerus sibiricus_JX122541.1,0,13,859.8461538461538,11178
Gomphocerus sibiricus tibetanus,HM131804.1,Gomphocerus sibiricus tibetanus_HM131804.1,0,13,861.4615384615385,11199
Gomphocerus sibiricus tibetanus_NC,015478.1,Gomphocerus sibiricus tibetanus_NC_015478.1,0,13,861.4615384615385,11199
Gomphocerus sibiricus_NC,021103.1,Gomphocerus sibiricus_NC_021103.1,0,13,859.8461538461538,11178
Gonista bicolor,KR347439.1,Gonista bicolor_KR347439.1,0,13,860.6923076923077,11189
Gonista bicolor_NC,029205.1,Gonista bicolor_NC_029205.1,0,13,860.6923076923077,11189
Grigoriora cheni,OM892710.1,Grigoriora cheni_OM892710.1,0,13,863.2307692307693,11222
Grigoriora cheni_NC,068776.1,Grigoriora cheni_NC_068776.1,0,13,863.2307692307693,11222
Gryllodes sigillatus,MW365703.1,Gryllodes sigillatus_MW365703.1,0,13,860.2307692307693,11183
Gryllodes sigillatus,MT849273.1,Gryllodes sigillatus_MT849273.1,0,13,861.1538461538462,11195
Gryllodes sigillatus_NC,057195.1,Gryllodes sigillatus_NC_057195.1,0,13,860.2307692307693,11183
Gryllodes sp.,MZ440657.1,Gryllodes sp._MZ440657.1,0,13,860.4615384615385,11186
Gryllotalpa henana,ON243749.1,Gryllotalpa henana_ON243749.1,0,13,856.6923076923077,11137
Gryllotalpa henana_NC,071757.1,Gryllotalpa henana_NC_071757.1,0,13,856.6923076923077,11137
Gryllotalpa orientalis,AY660929.1,Gryllotalpa orientalis_AY660929.1,0,13,856.6153846153846,11136
Gryllotalpa orientalis,ON210982.1,Gryllotalpa orientalis_ON210982.1,0,13,856.5384615384615,11135
Gryllotalpa orientalis_NC,006678.1,Gryllotalpa orientalis_NC_006678.1,0,13,856.6153846153846,11136
Gryllotalpa pluvialis,EU938371.1,Gryllotalpa pluvialis_EU938371.1,0,13,853.0769230769231,11090
Gryllotalpa pluvialis_NC,011302.1,Gryllotalpa pluvialis_NC_011302.1,0,13,853.0769230769231,11090
Gryllotalpa sp. YH-2020,MK903562.2,Gryllotalpa sp. YH-2020_MK903562.2,0,13,855.1538461538462,11117
Gryllotalpa unispina,KC894752.1,Gryllotalpa unispina_KC894752.1,0,13,856.5384615384615,11135
Gryllotalpa unispina_NC,029148.1,Gryllotalpa unispina_NC_029148.1,0,13,856.5384615384615,11135
Gryllus bimaculatus,MT993975.1,Gryllus bimaculatus_MT993975.1,0,13,862.1538461538462,11208
Gryllus bimaculatus,MZ440656.1,Gryllus bimaculatus_MZ440656.1,0,13,863.2307692307693,11222
Gryllus bimaculatus,PP230540.1,Gryllus bimaculatus_PP230540.1,0,13,863.2307692307693,11222
Gryllus bimaculatus_NC,053546.1,Gryllus bimaculatus_NC_053546.1,0,13,862.1538461538462,11208
Gryllus lineaticeps,MW315773.1,Gryllus lineaticeps_MW315773.1,0,13,862.8461538461538,11217
Gryllus lineaticeps_NC,057052.1,Gryllus lineaticeps_NC_057052.1,0,13,862.8461538461538,11217
Gryllus veletis,MW322713.1,Gryllus veletis_MW322713.1,0,13,862.0769230769231,11207
Gryllus veletis_NC,057053.1,Gryllus veletis_NC_057053.1,0,13,862.0769230769231,11207
Haplotropis brunneriana,KC894753.1,Haplotropis brunneriana_KC894753.1,0,13,860.0769230769231,11181
Haplotropis brunneriana,MK903563.1,Haplotropis brunneriana_MK903563.1,0,13,860.2307692307693,11183
Haplotropis brunneriana,PP887504.1,Haplotropis brunneriana_PP887504.1,0,13,861.3846153846154,11198
Haplotropis brunneriana_NC,064211.1,Haplotropis brunneriana_NC_064211.1,0,13,860.0769230769231,11181
Helioscirtus moseri moseri,PP669994.1,Helioscirtus moseri moseri_PP669994.1,0,13,860.9230769230769,11192
Hemiandrus brucei,PQ442197.1,Hemiandrus brucei_PQ442197.1,0,13,864.0,11232
Hemiandrus brucei,PQ442198.1,Hemiandrus brucei_PQ442198.1,0,13,863.9230769230769,11231
Hemiandrus focalis,PQ442196.1,Hemiandrus focalis_PQ442196.1,0,13,863.6153846153846,11227
Hemiandrus pallitarsis,PQ442195.1,Hemiandrus pallitarsis_PQ442195.1,0,13,863.1538461538462,11221
Hemiandrus sp. Rakiura SAT-2024c,PQ442194.1,Hemiandrus sp. Rakiura SAT-2024c_PQ442194.1,0,13,863.6153846153846,11227
Hemideina crassidens,PQ452770.1,Hemideina crassidens_PQ452770.1,0,13,864.7692307692307,11242
Henicus brevimucronatus,KM657338.1,Henicus brevimucronatus_KM657338.1,0,13,859.7692307692307,11177
Henicus brevimucronatus_NC,028063.1,Henicus brevimucronatus_NC_028063.1,0,13,859.7692307692307,11177
Heteromallus sp.,OR551733.1,Heteromallus sp._OR551733.1,0,13,863.1538461538462,11221
Heteromallus sp.,OR551734.1,Heteromallus sp._OR551734.1,0,13,863.1538461538462,11221
Heteropternis respondens,MN083170.1,Heteropternis respondens_MN083170.1,0,13,860.2307692307693,11183
Heteropternis respondens_NC,046537.1,Heteropternis respondens_NC_046537.1,0,13,860.2307692307693,11183
Hexacentrus japonicus,KX057713.1,Hexacentrus japonicus_KX057713.1,0,13,863.3846153846154,11224
Hexacentrus japonicus_NC,033983.1,Hexacentrus japonicus_NC_033983.1,0,13,863.3846153846154,11224
Hexacentrus unicolor,KX057739.1,Hexacentrus unicolor_KX057739.1,0,13,863.1538461538462,11221
Hexacentrus unicolor_NC,033999.1,Hexacentrus unicolor_NC_033999.1,0,13,863.1538461538462,11221
Hieroglyphus annulicornis,MK903564.2,Hieroglyphus annulicornis_MK903564.2,0,13,859.2307692307693,11170
Hieroglyphus tonkinensis,KX170936.1,Hieroglyphus tonkinensis_KX170936.1,0,13,860.1538461538462,11182
Hieroglyphus tonkinensis_NC,030587.1,Hieroglyphus tonkinensis_NC_030587.1,0,13,860.1538461538462,11182
Hilethera aeolopoides,OQ916348.1,Hilethera aeolopoides_OQ916348.1,0,13,859.7692307692307,11177
Hilethera xinjiangensis,OQ270628.1,Hilethera xinjiangensis_OQ270628.1,0,13,860.1538461538462,11182
Hilethera xinjiangensis_NC,072526.1,Hilethera xinjiangensis_NC_072526.1,0,13,860.1538461538462,11182
Holochlora fruhstorferi,KX057733.1,Holochlora fruhstorferi_KX057733.1,0,13,860.0769230769231,11181
Holochlora fruhstorferi_NC,033993.1,Holochlora fruhstorferi_NC_033993.1,0,13,860.0769230769231,11181
Homoeoxipha nigripes,MK303553.1,Homoeoxipha nigripes_MK303553.1,0,13,858.7692307692307,11164
Homoeoxipha nigripes_NC,045841.1,Homoeoxipha nigripes_NC_045841.1,0,13,859.1538461538462,11169
Homogryllacris anelytra,KX057738.1,Homogryllacris anelytra_KX057738.1,0,13,862.8461538461538,11217
Homogryllacris anelytra_NC,033998.1,Homogryllacris anelytra_NC_033998.1,0,13,862.8461538461538,11217
Humphaplotropis culaishanensis (nomen nudum),KF931338.1,Humphaplotropis culaishanensis (nomen nudum)_KF931338.1,0,13,859.8461538461538,11178
Humphaplotropis culaishanensis (nomen nudum)_NC,023535.1,Humphaplotropis culaishanensis (nomen nudum)_NC_023535.1,0,13,859.8461538461538,11178
Indopodisma kingdoni,KM068093.1,Indopodisma kingdoni_KM068093.1,0,13,859.5384615384615,11174
Indopodisma kingdoni,MN046215.1,Indopodisma kingdoni_MN046215.1,0,13,860.3846153846154,11185
Indopodisma kingdoni_NC,046529.1,Indopodisma kingdoni_NC_046529.1,0,13,860.3846153846154,11185
Insulanoplectron spinosum,OR551718.1,Insulanoplectron spinosum_OR551718.1,0,13,863.2307692307693,11222
Ischyroplectron isolatum,OR551735.1,Ischyroplectron isolatum_OR551735.1,0,13,863.2307692307693,11222
Isophya major,MK759880.1,Isophya major_MK759880.1,0,13,861.8461538461538,11204
Isophya major_NC,042666.1,Isophya major_NC_042666.1,0,13,861.8461538461538,11204
Isoplectron armatum,OR551714.1,Isoplectron armatum_OR551714.1,0,13,862.3846153846154,11211
Isopsera denticulata,PQ218338.1,Isopsera denticulata_PQ218338.1,0,13,863.1538461538462,11221
Itara sp.,OM935774.1,Itara sp._OM935774.1,0,13,859.0769230769231,11168
Kansua diebua,PV212378.1,Kansua diebua_PV212378.1,0,13,857.1538461538462,11143
Kingdonella bicollina,HQ833840.1,Kingdonella bicollina_HQ833840.1,0,13,860.3846153846154,11185
Kingdonella bicollina_NC,023920.1,Kingdonella bicollina_NC_023920.1,0,13,860.3846153846154,11185
Kingdonella pienbaensis,MK903565.2,Kingdonella pienbaensis_MK903565.2,0,13,861.2307692307693,11196
Kingdonella sp.,OP743697.1,Kingdonella sp._OP743697.1,0,13,858.1538461538462,11156
Kuwayamaea brachyptera,KT345950.1,Kuwayamaea brachyptera_KT345950.1,0,13,862.4615384615385,11212
Kuwayamaea chinensis,KX057735.1,Kuwayamaea chinensis_KX057735.1,0,13,862.1538461538462,11208
Kuwayamaea chinensis_NC,033995.1,Kuwayamaea chinensis_NC_033995.1,0,13,862.1538461538462,11208
Lentula callani,JX913769.1,Lentula callani_JX913769.1,0,13,862.0,11206
Lentula callani_NC,020774.1,Lentula callani_NC_020774.1,0,13,862.0,11206
Leptopternis gracilis,OP373196.1,Leptopternis gracilis_OP373196.1,0,13,861.1538461538462,11195
Leptopternis gracilis_NC,071953.1,Leptopternis gracilis_NC_071953.1,0,13,861.1538461538462,11195
Leptopternis rothschildi,OQ916349.1,Leptopternis rothschildi_OQ916349.1,0,13,859.7692307692307,11177
Letana rubescens,PQ218339.1,Letana rubescens_PQ218339.1,0,13,863.2307692307693,11222
Leuconemacris breviptera,MK903593.2,Leuconemacris breviptera_MK903593.2,0,13,861.4615384615385,11199
Leuconemacris litangensis,MK903566.2,Leuconemacris litangensis_MK903566.2,0,13,859.9230769230769,11179
Leuconemacris xiangchengensis,PV216185.1,Leuconemacris xiangchengensis_PV216185.1,0,13,861.7692307692307,11203
Lipotactes tripyrga,KX057736.1,Lipotactes tripyrga_KX057736.1,0,13,865.3076923076923,11249
Lipotactes tripyrga_NC,033996.1,Lipotactes tripyrga_NC_033996.1,0,13,865.3076923076923,11249
Lithidiopsis carinatus,JX913770.1,Lithidiopsis carinatus_JX913770.1,0,13,861.0769230769231,11194
Lithidiopsis carinatus_NC,020775.1,Lithidiopsis carinatus_NC_020775.1,0,13,861.0769230769231,11194
Locusta migratoria,JN858195.1,Locusta migratoria_JN858195.1,0,13,858.3076923076923,11158
Locusta migratoria,JN858194.1,Locusta migratoria_JN858194.1,0,13,858.3076923076923,11158
Locusta migratoria,JN858193.1,Locusta migratoria_JN858193.1,0,13,858.3076923076923,11158
Locusta migratoria,JN858192.1,Locusta migratoria_JN858192.1,0,13,858.3076923076923,11158
Locusta migratoria,JN858191.1,Locusta migratoria_JN858191.1,0,13,858.3076923076923,11158
Locusta migratoria,JN858190.1,Locusta migratoria_JN858190.1,0,13,858.3076923076923,11158
Locusta migratoria,JN858184.1,Locusta migratoria_JN858184.1,0,13,858.3076923076923,11158
Locusta migratoria,JN858188.1,Locusta migratoria_JN858188.1,0,13,858.3076923076923,11158
Locusta migratoria,JN858187.1,Locusta migratoria_JN858187.1,0,13,858.3076923076923,11158
Locusta migratoria,JN858186.1,Locusta migratoria_JN858186.1,0,13,858.3076923076923,11158
Locusta migratoria,JN858185.1,Locusta migratoria_JN858185.1,0,13,858.3076923076923,11158
Locusta migratoria,JN858196.1,Locusta migratoria_JN858196.1,0,13,858.3076923076923,11158
Locusta migratoria,JN858183.1,Locusta migratoria_JN858183.1,0,13,858.3076923076923,11158
Locusta migratoria,JN858189.1,Locusta migratoria_JN858189.1,0,13,858.3076923076923,11158
Locusta migratoria,JN858197.1,Locusta migratoria_JN858197.1,0,13,858.3076923076923,11158
Locusta migratoria,JN858182.1,Locusta migratoria_JN858182.1,0,13,858.3076923076923,11158
Locusta migratoria,JN858199.1,Locusta migratoria_JN858199.1,0,13,858.3076923076923,11158
Locusta migratoria,JN858200.1,Locusta migratoria_JN858200.1,0,13,858.3076923076923,11158
Locusta migratoria,JN858201.1,Locusta migratoria_JN858201.1,0,13,858.3076923076923,11158
Locusta migratoria,JN858202.1,Locusta migratoria_JN858202.1,0,13,858.3076923076923,11158
Locusta migratoria,JN858203.1,Locusta migratoria_JN858203.1,0,13,858.3076923076923,11158
Locusta migratoria,JN858204.1,Locusta migratoria_JN858204.1,0,13,858.3076923076923,11158
Locusta migratoria,JN858205.1,Locusta migratoria_JN858205.1,0,13,858.3076923076923,11158
Locusta migratoria,JN858206.1,Locusta migratoria_JN858206.1,0,13,858.3076923076923,11158
Locusta migratoria,JN858207.1,Locusta migratoria_JN858207.1,0,13,858.3076923076923,11158
Locusta migratoria,JN858209.1,Locusta migratoria_JN858209.1,0,13,858.3076923076923,11158
Locusta migratoria,JN858210.1,Locusta migratoria_JN858210.1,0,13,858.3076923076923,11158
Locusta migratoria,JN858211.1,Locusta migratoria_JN858211.1,0,13,858.3076923076923,11158
Locusta migratoria,JN858212.1,Locusta migratoria_JN858212.1,0,13,858.3076923076923,11158
Locusta migratoria,OQ916350.1,Locusta migratoria_OQ916350.1,0,13,859.5384615384615,11174
Locusta migratoria,JN858198.1,Locusta migratoria_JN858198.1,0,13,858.3076923076923,11158
Locusta migratoria,JN858181.1,Locusta migratoria_JN858181.1,0,13,858.3076923076923,11158
Locusta migratoria,JN858208.1,Locusta migratoria_JN858208.1,0,13,858.0769230769231,11155
Locusta migratoria,JN858179.1,Locusta migratoria_JN858179.1,0,13,858.3076923076923,11158
Locusta migratoria,JN858149.1,Locusta migratoria_JN858149.1,0,13,858.3076923076923,11158
Locusta migratoria,JN858150.1,Locusta migratoria_JN858150.1,0,13,858.3076923076923,11158
Locusta migratoria,JN858151.1,Locusta migratoria_JN858151.1,0,13,858.3076923076923,11158
Locusta migratoria,JN858152.1,Locusta migratoria_JN858152.1,0,13,858.3076923076923,11158
Locusta migratoria,JN858180.1,Locusta migratoria_JN858180.1,0,13,858.3076923076923,11158
Locusta migratoria,JN858153.1,Locusta migratoria_JN858153.1,0,13,858.3076923076923,11158
Locusta migratoria,JN858154.1,Locusta migratoria_JN858154.1,0,13,858.3076923076923,11158
Locusta migratoria,JN858155.1,Locusta migratoria_JN858155.1,0,13,858.3076923076923,11158
Locusta migratoria,JN858156.1,Locusta migratoria_JN858156.1,0,13,858.3076923076923,11158
Locusta migratoria,JN858157.1,Locusta migratoria_JN858157.1,0,13,858.3076923076923,11158
Locusta migratoria,JN858158.1,Locusta migratoria_JN858158.1,0,13,858.3076923076923,11158
Locusta migratoria,JN858159.1,Locusta migratoria_JN858159.1,0,13,858.3076923076923,11158
Locusta migratoria,JN858160.1,Locusta migratoria_JN858160.1,0,13,858.3076923076923,11158
Locusta migratoria,JN858161.1,Locusta migratoria_JN858161.1,0,13,858.3076923076923,11158
Locusta migratoria,JN858162.1,Locusta migratoria_JN858162.1,0,13,858.3076923076923,11158
Locusta migratoria,JN858163.1,Locusta migratoria_JN858163.1,0,13,858.3076923076923,11158
Locusta migratoria,JN858164.1,Locusta migratoria_JN858164.1,0,13,858.3076923076923,11158
Locusta migratoria,JN858178.1,Locusta migratoria_JN858178.1,0,13,858.3076923076923,11158
Locusta migratoria,JN858177.1,Locusta migratoria_JN858177.1,0,13,858.3076923076923,11158
Locusta migratoria,JN858176.1,Locusta migratoria_JN858176.1,0,13,858.3076923076923,11158
Locusta migratoria,JN858175.1,Locusta migratoria_JN858175.1,0,13,858.3076923076923,11158
Locusta migratoria,JN858174.1,Locusta migratoria_JN858174.1,0,13,858.3076923076923,11158
Locusta migratoria,JN858173.1,Locusta migratoria_JN858173.1,0,13,858.3076923076923,11158
Locusta migratoria,JN858148.1,Locusta migratoria_JN858148.1,0,13,858.3076923076923,11158
Locusta migratoria,JN858172.1,Locusta migratoria_JN858172.1,0,13,858.3076923076923,11158
Locusta migratoria,JN858170.1,Locusta migratoria_JN858170.1,0,13,858.3076923076923,11158
Locusta migratoria,JN858169.1,Locusta migratoria_JN858169.1,0,13,858.3076923076923,11158
Locusta migratoria,JN858168.1,Locusta migratoria_JN858168.1,0,13,858.3076923076923,11158
Locusta migratoria,JN858167.1,Locusta migratoria_JN858167.1,0,13,858.3076923076923,11158
Locusta migratoria,JN858166.1,Locusta migratoria_JN858166.1,0,13,858.3076923076923,11158
Locusta migratoria,JN858165.1,Locusta migratoria_JN858165.1,0,13,858.3076923076923,11158
Locusta migratoria,JN858171.1,Locusta migratoria_JN858171.1,0,13,858.3076923076923,11158
Locusta migratoria manilensis,HQ260647.1,Locusta migratoria manilensis_HQ260647.1,0,13,859.7692307692307,11177
Locusta migratoria manilensis,GU344101.1,Locusta migratoria manilensis_GU344101.1,0,13,862.7692307692307,11216
Locusta migratoria manilensis_NC,014891.1,Locusta migratoria manilensis_NC_014891.1,0,13,862.7692307692307,11216
Locusta migratoria migratoria,EU287446.1,Locusta migratoria migratoria_EU287446.1,0,13,859.0,11167
Locusta migratoria migratoria_NC,011119.1,Locusta migratoria migratoria_NC_011119.1,0,13,859.0,11167
Locusta migratoria migratorioides,X80245.1,Locusta migratoria migratorioides_X80245.1,0,13,859.6923076923077,11176
Locusta migratoria migratorioides_NC,001712.1,Locusta migratoria migratorioides_NC_001712.1,0,13,859.6923076923077,11176
Locusta migratoria tibetensis,HM219224.1,Locusta migratoria tibetensis_HM219224.1,0,13,860.1538461538462,11182
Locusta migratoria tibetensis_NC,015624.1,Locusta migratoria tibetensis_NC_015624.1,0,13,860.1538461538462,11182
Longchuanacris curvifurcula,MF989227.1,Longchuanacris curvifurcula_MF989227.1,0,13,860.3076923076923,11184
Longchuanacris curvifurcula_NC,036994.1,Longchuanacris curvifurcula_NC_036994.1,0,13,860.3076923076923,11184
Longzhouacris mirabilis,ON931612.1,Longzhouacris mirabilis_ON931612.1,0,13,859.1538461538462,11169
Longzhouacris mirabilis_NC,071159.1,Longzhouacris mirabilis_NC_071159.1,0,13,859.1538461538462,11169
Loveridgacris impotens,OR730795.1,Loveridgacris impotens_OR730795.1,0,13,860.4615384615385,11186
Loveridgacris sp. 1 JAYF-2023a,OR730794.1,Loveridgacris sp. 1 JAYF-2023a_OR730794.1,0,13,860.3846153846154,11185
Loxoblemmus doenitzi,MK903567.2,Loxoblemmus doenitzi_MK903567.2,0,13,859.3846153846154,11172
Loxoblemmus doenitzi,KX057721.1,Loxoblemmus doenitzi_KX057721.1,0,13,861.0,11193
Loxoblemmus doenitzi_NC,033985.1,Loxoblemmus doenitzi_NC_033985.1,0,13,861.0,11193
Loxoblemmus equestris,KU562919.1,Loxoblemmus equestris_KU562919.1,0,13,859.8461538461538,11178
Macromotettixoides brachycorna,OR003899.1,Macromotettixoides brachycorna_OR003899.1,0,13,854.8461538461538,11113
Macromotettixoides maoershanensis,OR030790.1,Macromotettixoides maoershanensis_OR030790.1,0,13,852.6923076923077,11085
Macromotettixoides orthomargina,OR030789.1,Macromotettixoides orthomargina_OR030789.1,0,13,852.9230769230769,11088
Macromotettixoides yaana,PQ826485.1,Macromotettixoides yaana_PQ826485.1,0,13,852.9230769230769,11088
Macroteratura megafurcula,MT767744.1,Macroteratura megafurcula_MT767744.1,0,13,862.2307692307693,11209
Maotoweta virescens,OR551727.1,Maotoweta virescens_OR551727.1,0,13,863.0,11219
Mecopoda elongata,JQ917910.1,Mecopoda elongata_JQ917910.1,0,13,864.5384615384615,11239
Mecopoda elongata_NC,021380.1,Mecopoda elongata_NC_021380.1,0,13,864.5384615384615,11239
Mecopoda niponensis,JQ917909.1,Mecopoda niponensis_JQ917909.1,0,13,864.6153846153846,11240
Mecopoda niponensis_NC,021379.1,Mecopoda niponensis_NC_021379.1,0,13,864.6153846153846,11240
Mecostethus alliaceus,MN083172.1,Mecostethus alliaceus_MN083172.1,0,13,861.3846153846154,11198
Mecostethus alliaceus_NC,046539.1,Mecostethus alliaceus_NC_046539.1,0,13,861.3846153846154,11198
Mecostethus sp.,OQ282995.1,Mecostethus sp._OQ282995.1,0,13,860.0,11180
Megaulacobothrus chinensis,EU029161.1,Megaulacobothrus chinensis_EU029161.1,0,13,859.3846153846154,11172
Megaulacobothrus chinensis_NC,011095.1,Megaulacobothrus chinensis_NC_011095.1,0,13,859.3846153846154,11172
Megaulacobothrus jejuensis,PV601188.1,Megaulacobothrus jejuensis_PV601188.1,0,13,861.0,11193
Mekongiana xiangchengensis,HM583653.1,Mekongiana xiangchengensis_HM583653.1,0,13,860.1538461538462,11182
Mekongiana xiangchengensis_NC,014450.1,Mekongiana xiangchengensis_NC_014450.1,0,13,860.1538461538462,11182
Mekongiella kingdoni,HQ833842.1,Mekongiella kingdoni_HQ833842.1,0,13,859.7692307692307,11177
Mekongiella kingdoni_NC,023921.1,Mekongiella kingdoni_NC_023921.1,0,13,859.7692307692307,11177
Mekongiella wardi,KM068094.1,Mekongiella wardi_KM068094.1,0,13,859.6153846153846,11175
Mekongiella xizangensis,HM583654.1,Mekongiella xizangensis_HM583654.1,0,13,857.2307692307693,11144
Mekongiella xizangensis_NC,014451.1,Mekongiella xizangensis_NC_014451.1,0,13,857.2307692307693,11144
Melanabropsis tianmuica,PP764156.1,Melanabropsis tianmuica_PP764156.1,0,13,863.2307692307693,11222
Melanoplus differentialis,MW542137.1,Melanoplus differentialis_MW542137.1,0,13,859.7692307692307,11177
Melanoplus differentialis,OR128565.1,Melanoplus differentialis_OR128565.1,0,13,859.7692307692307,11177
Melanoplus differentialis_NC,057646.1,Melanoplus differentialis_NC_057646.1,0,13,859.7692307692307,11177
Meloimorpha japonica,MH580273.1,Meloimorpha japonica_MH580273.1,0,13,862.6923076923077,11215
Meloimorpha japonica_NC,039665.1,Meloimorpha japonica_NC_039665.1,0,13,862.6923076923077,11215
Menglacris maculata,MK903568.1,Menglacris maculata_MK903568.1,0,13,861.2307692307693,11196
Microconema clavata,MT849272.1,Microconema clavata_MT849272.1,0,13,863.0769230769231,11220
Microconema sp. 1 LLL-2022a,OM937110.1,Microconema sp. 1 LLL-2022a_OM937110.1,0,13,863.0769230769231,11220
Micropathus cavernicola,OR551715.1,Micropathus cavernicola_OR551715.1,0,13,863.0769230769231,11220
Miotopus diversus,OR551723.1,Miotopus diversus_OR551723.1,0,13,863.0,11219
Mirhipipteryx andensis,KM657340.1,Mirhipipteryx andensis_KM657340.1,0,13,861.0769230769231,11194
Mirhipipteryx andensis_NC,028065.1,Mirhipipteryx andensis_NC_028065.1,0,13,861.0769230769231,11194
Mongolotettix anomopterus,MK903594.1,Mongolotettix anomopterus_MK903594.1,0,13,861.7692307692307,11203
Mongolotettix japonicus,MK903569.1,Mongolotettix japonicus_MK903569.1,0,13,860.3076923076923,11184
Motuweta riparia,PQ423746.1,Motuweta riparia_PQ423746.1,0,13,865.5384615384615,11252
Myrmecophilus kubotai,MZ440658.1,Myrmecophilus kubotai_MZ440658.1,0,13,852.5384615384615,11083
Myrmecophilus manni,EU938370.1,Myrmecophilus manni_EU938370.1,0,13,850.6923076923077,11059
Myrmecophilus manni_NC,011301.1,Myrmecophilus manni_NC_011301.1,0,13,850.6923076923077,11059
Myrmecophilus sp.,MZ440659.1,Myrmecophilus sp._MZ440659.1,0,13,852.0769230769231,11077
Myrmeleomastax wideis,OQ241412.1,Myrmeleomastax wideis_OQ241412.1,0,13,859.0769230769231,11168
Myrmeleomastax wideis_NC,072965.1,Myrmeleomastax wideis_NC_072965.1,0,13,859.0769230769231,11168
Myrmeleotettix palpalis,OR066427.1,Myrmeleotettix palpalis_OR066427.1,0,13,860.6923076923077,11189
Myrmeleotettix palpalis_NC,084451.1,Myrmeleotettix palpalis_NC_084451.1,0,13,860.6923076923077,11189
Myrmeleotettix sp. YH-2020,MK903595.1,Myrmeleotettix sp. YH-2020_MK903595.1,0,13,861.0,11193
Natula pravdini,MG701239.1,Natula pravdini_MG701239.1,0,13,858.6923076923077,11163
Natula pravdini_NC,050742.1,Natula pravdini_NC_050742.1,0,13,858.6923076923077,11163
Neonetus sp.,OR551710.1,Neonetus sp._OR551710.1,0,13,862.8461538461538,11217
Neonetus sp.,OR551720.1,Neonetus sp._OR551720.1,0,13,861.4615384615385,11199
Nisitrus vittatus,OQ459859.1,Nisitrus vittatus_OQ459859.1,0,13,860.7692307692307,11190
Nomadacris japonica,MF113246.1,Nomadacris japonica_MF113246.1,0,13,860.4615384615385,11186
Nomadacris japonica,MK059455.1,Nomadacris japonica_MK059455.1,0,13,861.6153846153846,11201
Nomadacris japonica_NC,036062.1,Nomadacris japonica_NC_036062.1,0,13,860.4615384615385,11186
Notoplectron brewsterense,OR551725.1,Notoplectron brewsterense_OR551725.1,0,13,863.0,11219
Notoplectron campbellense,OR551724.1,Notoplectron campbellense_OR551724.1,0,13,863.0,11219
Novoplectron serratum,OR551709.1,Novoplectron serratum_OR551709.1,0,13,863.2307692307693,11222
Ocellarnaca braueri,ON493687.1,Ocellarnaca braueri_ON493687.1,0,13,862.2307692307693,11209
Ocellarnaca braueri_NC,069864.1,Ocellarnaca braueri_NC_069864.1,0,13,862.2307692307693,11209
Ocellarnaca emeiensis,ON493688.1,Ocellarnaca emeiensis_ON493688.1,0,13,862.4615384615385,11212
Ocellarnaca fuscotessellata,ON493686.1,Ocellarnaca fuscotessellata_ON493686.1,0,13,863.3076923076923,11223
Ocellarnaca fuscotessellata_NC,069863.1,Ocellarnaca fuscotessellata_NC_069863.1,0,13,863.3076923076923,11223
Ocellarnaca nigra_NC,069865.1,Ocellarnaca nigra_NC_069865.1,0,13,862.4615384615385,11212
Ocellarnaca sp.,MT849269.1,Ocellarnaca sp._MT849269.1,0,13,861.5384615384615,11200
Oecanthus sinensis,KY783908.1,Oecanthus sinensis_KY783908.1,0,13,855.8461538461538,11126
Oecanthus sinensis_NC,034799.1,Oecanthus sinensis_NC_034799.1,0,13,855.8461538461538,11126
Oedaleus abruptus,MN083171.1,Oedaleus abruptus_MN083171.1,0,13,861.3846153846154,11198
Oedaleus abruptus,MK352098.1,Oedaleus abruptus_MK352098.1,0,13,860.6923076923077,11189
Oedaleus abruptus_NC,046538.1,Oedaleus abruptus_NC_046538.1,0,13,861.3846153846154,11198
Oedaleus asiaticus,EU513374.1,Oedaleus asiaticus_EU513374.1,0,13,859.6923076923077,11176
Oedaleus asiaticus_NC,011115.1,Oedaleus asiaticus_NC_011115.1,0,13,859.6923076923077,11176
Oedaleus decorus decorus,OP627272.1,Oedaleus decorus decorus_OP627272.1,0,13,860.5384615384615,11187
Oedaleus infernalis,KR604688.1,Oedaleus infernalis_KR604688.1,0,13,859.3846153846154,11172
Oedaleus infernalis_NC,029327.1,Oedaleus infernalis_NC_029327.1,0,13,859.3846153846154,11172
Oedaleus manjius,MT499333.1,Oedaleus manjius_MT499333.1,0,13,860.2307692307693,11183
Oedaleus manjius_NC,052734.1,Oedaleus manjius_NC_052734.1,0,13,860.2307692307693,11183
Oedipoda caerulescens,OQ615379.1,Oedipoda caerulescens_OQ615379.1,0,13,859.3076923076923,11171
Oedipoda caerulescens,OQ282994.1,Oedipoda caerulescens_OQ282994.1,0,13,860.0,11180
Oedipoda caerulescens_NC,077611.1,Oedipoda caerulescens_NC_077611.1,0,13,859.3076923076923,11171
Oedipoda miniata,OQ516979.1,Oedipoda miniata_OQ516979.1,0,13,860.9230769230769,11192
Oedipoda miniata_NC,073555.1,Oedipoda miniata_NC_073555.1,0,13,860.9230769230769,11192
Ognevia longipennis,EU914848.1,Ognevia longipennis_EU914848.1,0,13,859.3846153846154,11172
Ognevia longipennis_NC,013701.1,Ognevia longipennis_NC_013701.1,0,13,859.3846153846154,11172
Ommexecha virens,JX913775.1,Ommexecha virens_JX913775.1,0,13,860.0769230769231,11181
Ommexecha virens_NC,020778.1,Ommexecha virens_NC_020778.1,0,13,860.0769230769231,11181
Omocestus haemorrhoidalis,MK903570.1,Omocestus haemorrhoidalis_MK903570.1,0,13,861.4615384615385,11199
Omocestus petraeus,MK903596.2,Omocestus petraeus_MK903596.2,0,13,861.0,11193
Omocestus viridulus,MN083203.1,Omocestus viridulus_MN083203.1,0,13,860.6153846153846,11188
Omocestus viridulus_NC,046560.1,Omocestus viridulus_NC_046560.1,0,13,860.6153846153846,11188
Orinhippus tibetanus,KF857227.1,Orinhippus tibetanus_KF857227.1,0,13,859.4615384615385,11173
Orinhippus tibetanus_NC,023467.1,Orinhippus tibetanus_NC_023467.1,0,13,859.4615384615385,11173
Ornebius bimaculatus,MH580274.1,Ornebius bimaculatus_MH580274.1,0,13,860.3076923076923,11184
Ornebius bimaculatus_NC,039666.1,Ornebius bimaculatus_NC_039666.1,0,13,860.3076923076923,11184
Ornebius fuscicerci,MH580275.1,Ornebius fuscicerci_MH580275.1,0,13,860.9230769230769,11192
Ornebius fuscicerci_NC,039739.1,Ornebius fuscicerci_NC_039739.1,0,13,860.9230769230769,11192
Ornebius kanetataki,MH580276.1,Ornebius kanetataki_MH580276.1,0,13,863.8461538461538,11230
Ornebius kanetataki_NC,039667.1,Ornebius kanetataki_NC_039667.1,0,13,863.8461538461538,11230
Orophyllus montanus,KT345951.1,Orophyllus montanus_KT345951.1,0,13,867.6153846153846,11279
Oxya adentata,MK903571.1,Oxya adentata_MK903571.1,0,13,862.0,11206
Oxya agavisa,MH718849.1,Oxya agavisa_MH718849.1,0,13,860.6923076923077,11189
Oxya agavisa_NC,045883.1,Oxya agavisa_NC_045883.1,0,13,860.6923076923077,11189
Oxya chinensis,EF437157.1,Oxya chinensis_EF437157.1,0,13,862.9230769230769,11218
Oxya chinensis_NC,010219.1,Oxya chinensis_NC_010219.1,0,13,862.9230769230769,11218
Oxya hainanensis,MH718848.1,Oxya hainanensis_MH718848.1,0,13,860.6923076923077,11189
Oxya hainanensis,MN083185.1,Oxya hainanensis_MN083185.1,0,13,861.8461538461538,11204
Oxya hainanensis_NC,045928.1,Oxya hainanensis_NC_045928.1,0,13,860.6923076923077,11189
Oxya hyla,KX673203.1,Oxya hyla_KX673203.1,0,13,863.9230769230769,11231
Oxya hyla intricata,KP313875.1,Oxya hyla intricata_KP313875.1,0,13,860.0769230769231,11181
Oxya hyla_NC,032076.1,Oxya hyla_NC_032076.1,0,13,863.9230769230769,11231
Oxya japonica,MF125299.1,Oxya japonica_MF125299.1,0,13,860.5384615384615,11187
Oxya japonica_NC,043773.1,Oxya japonica_NC_043773.1,0,13,860.5384615384615,11187
Oxytauchira brachyptera,MN046216.1,Oxytauchira brachyptera_MN046216.1,0,13,859.0769230769231,11168
Oxytauchira brachyptera,MT916721.1,Oxytauchira brachyptera_MT916721.1,0,13,860.4615384615385,11186
Oxytauchira brachyptera_NC,046570.1,Oxytauchira brachyptera_NC_046570.1,0,13,859.0769230769231,11168
Oxytauchira flange,MT920116.1,Oxytauchira flange_MT920116.1,0,13,860.0,11180
Oxytauchira flange_NC,053745.1,Oxytauchira flange_NC_053745.1,0,13,860.0,11180
Oxytauchira ruficornis,OQ282993.1,Oxytauchira ruficornis_OQ282993.1,0,13,861.2307692307693,11196
Oxytauchira ruficornis_NC,080529.1,Oxytauchira ruficornis_NC_080529.1,0,13,861.2307692307693,11196
Pachyrhamma edwardsii,OR551719.1,Pachyrhamma edwardsii_OR551719.1,0,13,863.2307692307693,11222
Pachyrhamma edwardsii,OR551729.1,Pachyrhamma edwardsii_OR551729.1,0,13,863.2307692307693,11222
Pachyrhamma longipes,OR551717.1,Pachyrhamma longipes_OR551717.1,0,13,863.2307692307693,11222
Pacris xizangensis,HQ833838.1,Pacris xizangensis_HQ833838.1,0,13,860.0,11180
Pacris xizangensis_NC,023919.1,Pacris xizangensis_NC_023919.1,0,13,860.0,11180
Palaeoagraecia brunnea,OK638186.1,Palaeoagraecia brunnea_OK638186.1,0,13,861.6923076923077,11202
Palaeoagraecia brunnea_NC,067510.1,Palaeoagraecia brunnea_NC_067510.1,0,13,861.6923076923077,11202
Pallidoplectron sp.,OR551722.1,Pallidoplectron sp._OR551722.1,0,13,862.3076923076923,11210
Paprides nitidus,OR677402.1,Paprides nitidus_OR677402.1,0,13,859.9230769230769,11179
Paprides nitidus_NC,086567.1,Paprides nitidus_NC_086567.1,0,13,859.9230769230769,11179
Paragavialidium curvispinum,PQ524197.1,Paragavialidium curvispinum_PQ524197.1,0,13,854.2307692307693,11105
Paragavialidium hainanense,OP650112.1,Paragavialidium hainanense_OP650112.1,0,13,855.4615384615385,11121
Paragavialidium hainanense_NC,071831.1,Paragavialidium hainanense_NC_071831.1,0,13,855.4615384615385,11121
Paraphlugiolopsis jiangi,OM892712.1,Paraphlugiolopsis jiangi_OM892712.1,0,13,863.0,11219
Paraphlugiolopsis jiangi_NC,068778.1,Paraphlugiolopsis jiangi_NC_068778.1,0,13,863.0,11219
Paratoacris reticulipennis,MT916720.1,Paratoacris reticulipennis_MT916720.1,0,13,861.8461538461538,11204
Paratoacris reticulipennis_NC,053660.1,Paratoacris reticulipennis_NC_053660.1,0,13,861.8461538461538,11204
Paratonkinacris vittifemoralis,MN046217.1,Paratonkinacris vittifemoralis_MN046217.1,0,13,861.6153846153846,11201
Paratonkinacris vittifemoralis_NC,046530.1,Paratonkinacris vittifemoralis_NC_046530.1,0,13,861.6153846153846,11201
Pedopodisma emeiensis,MN083205.1,Pedopodisma emeiensis_MN083205.1,0,13,860.4615384615385,11186
Pedopodisma emeiensis_NC,046561.1,Pedopodisma emeiensis_NC_046561.1,0,13,860.4615384615385,11186
Penalva flavocalceata,PQ442191.1,Penalva flavocalceata_PQ442191.1,0,13,863.6153846153846,11227
Pentacentrus sp.,ON055369.1,Pentacentrus sp._ON055369.1,0,13,863.6153846153846,11227
Pentaspinula unispinula,OQ241414.1,Pentaspinula unispinula_OQ241414.1,0,12,844.8333333333334,10138
Peripolus nepalensis,HQ833843.1,Peripolus nepalensis_HQ833843.1,0,13,860.0,11180
Peripolus nepalensis_NC,029135.1,Peripolus nepalensis_NC_029135.1,0,13,860.0,11180
Petrotettix serratus,OR551728.1,Petrotettix serratus_OR551728.1,0,13,862.8461538461538,11217
Phaesticus moniliantennatus,PQ767101.1,Phaesticus moniliantennatus_PQ767101.1,0,13,853.6153846153846,11097
Phalangopsinae sp.,ON649877.1,Phalangopsinae sp._ON649877.1,0,13,862.5384615384615,11213
Phaneroptera falcata,KY458227.1,Phaneroptera falcata_KY458227.1,0,13,864.2307692307693,11235
Phaneroptera gracilis,KY316379.1,Phaneroptera gracilis_KY316379.1,0,13,862.3846153846154,11211
Phaneroptera gracilis_NC,034756.1,Phaneroptera gracilis_NC_034756.1,0,13,862.3846153846154,11211
Phaneroptera nigroantennata,KY316380.1,Phaneroptera nigroantennata_KY316380.1,0,13,862.8461538461538,11217
Phaneroptera nigroantennata_NC,034757.1,Phaneroptera nigroantennata_NC_034757.1,0,13,862.8461538461538,11217
Pharmacus senex,OR551713.1,Pharmacus senex_OR551713.1,0,13,862.5384615384615,11213
Phlaeoba albonema,EU370925.1,Phlaeoba albonema_EU370925.1,0,13,861.2307692307693,11196
Phlaeoba albonema_NC,011827.1,Phlaeoba albonema_NC_011827.1,0,13,861.2307692307693,11196
Phlaeoba angustidorsis,PP588450.1,Phlaeoba angustidorsis_PP588450.1,0,13,861.3846153846154,11198
Phlaeoba angustidorsis_NC,088528.1,Phlaeoba angustidorsis_NC_088528.1,0,13,861.3846153846154,11198
Phlaeoba antennata,KY619842.1,Phlaeoba antennata_KY619842.1,0,13,860.0,11180
Phlaeoba antennata,MK903597.2,Phlaeoba antennata_MK903597.2,0,13,860.3076923076923,11184
Phlaeoba antennata_NC,061318.1,Phlaeoba antennata_NC_061318.1,0,13,860.0,11180
Phlaeoba infumata,KU866166.1,Phlaeoba infumata_KU866166.1,0,13,860.2307692307693,11183
Phlaeoba infumata_NC,031506.1,Phlaeoba infumata_NC_031506.1,0,13,860.2307692307693,11183
Phlaeoba tenebrosa,KF937392.1,Phlaeoba tenebrosa_KF937392.1,0,13,859.6923076923077,11176
Phlaeoba tenebrosa_NC,029150.1,Phlaeoba tenebrosa_NC_029150.1,0,13,859.6923076923077,11176
Phlugiolopsis brevis,OM913480.1,Phlugiolopsis brevis_OM913480.1,0,13,863.0,11219
Phlugiolopsis brevis_NC,068752.1,Phlugiolopsis brevis_NC_068752.1,0,13,863.0,11219
Phlugiolopsis damingshanis,PP971631.1,Phlugiolopsis damingshanis_PP971631.1,0,13,862.6923076923077,11215
Phlugiolopsis punctata,OM892713.1,Phlugiolopsis punctata_OM892713.1,0,13,863.0,11219
Phlugiolopsis punctata_NC,068775.1,Phlugiolopsis punctata_NC_068775.1,0,13,863.0,11219
Phlugiolopsis tribranchis,OM892709.1,Phlugiolopsis tribranchis_OM892709.1,0,13,863.0,11219
Phlugiolopsis tuberculata,OM892715.1,Phlugiolopsis tuberculata_OM892715.1,0,13,863.0,11219
Phlugiolopsis tuberculata_NC,068779.1,Phlugiolopsis tuberculata_NC_068779.1,0,13,863.0,11219
Phryganogryllacris superangulata,ON479588.1,Phryganogryllacris superangulata_ON479588.1,0,13,862.5384615384615,11213
Phryganogryllacris superangulata_NC,069838.1,Phryganogryllacris superangulata_NC_069838.1,0,13,862.5384615384615,11213
Phryganogryllacris xiai,KX057734.1,Phryganogryllacris xiai_KX057734.1,0,13,863.6153846153846,11227
Phryganogryllacris xiai_NC,033994.1,Phryganogryllacris xiai_NC_033994.1,0,13,863.6153846153846,11227
Phyllomimus detersus,KT345949.1,Phyllomimus detersus_KT345949.1,0,13,865.9230769230769,11257
Phyllomimus detersus_NC,028158.1,Phyllomimus detersus_NC_028158.1,0,13,865.9230769230769,11257
Phyllomimus sinicus,KX057737.1,Phyllomimus sinicus_KX057737.1,0,13,864.2307692307693,11235
Phyllomimus sinicus,MK903581.2,Phyllomimus sinicus_MK903581.2,0,13,866.1538461538462,11260
Phyllomimus sinicus_NC,033997.1,Phyllomimus sinicus_NC_033997.1,0,13,864.2307692307693,11235
Phyllozelus siccus siccus,OM937880.1,Phyllozelus siccus siccus_OM937880.1,0,13,866.5384615384615,11265
Phymateus saxosus,OR783480.1,Phymateus saxosus_OR783480.1,0,13,859.7692307692307,11177
Phymateus saxosus_NC,085263.1,Phymateus saxosus_NC_085263.1,0,13,859.7692307692307,11177
Physemacris variolosa,GU945504.1,Physemacris variolosa_GU945504.1,0,13,858.3846153846154,11159
Physemacris variolosa_NC,014491.1,Physemacris variolosa_NC_014491.1,0,13,858.3846153846154,11159
Phytomastax pentaspinula,OQ241413.1,Phytomastax pentaspinula_OQ241413.1,0,13,860.3846153846154,11185
Phytomastax pentaspinula_NC,072966.1,Phytomastax pentaspinula_NC_072966.1,0,13,860.3846153846154,11185
Pielomastax shennongjiaensis,PQ325292.1,Pielomastax shennongjiaensis_PQ325292.1,0,13,859.3846153846154,11172
Pielomastax shennongjiaensis,PQ325293.1,Pielomastax shennongjiaensis_PQ325293.1,0,13,859.3846153846154,11172
Pielomastax soochowensis,KM102728.1,Pielomastax soochowensis_KM102728.1,0,13,859.1538461538462,11169
Pielomastax tenuicerca,PQ325294.1,Pielomastax tenuicerca_PQ325294.1,0,13,860.0,11180
Pielomastax zhengi,JF411955.1,Pielomastax zhengi_JF411955.1,0,13,860.7692307692307,11190
Pielomastax zhengi_NC,016182.1,Pielomastax zhengi_NC_016182.1,0,13,860.7692307692307,11190
Pleioplectron hudsoni,OR551726.1,Pleioplectron hudsoni_OR551726.1,0,13,862.5384615384615,11213
Pleioplectron rodmorrisi,OR551730.1,Pleioplectron rodmorrisi_OR551730.1,0,13,863.2307692307693,11222
Poecilimon cretensis,OQ427618.1,Poecilimon cretensis_OQ427618.1,0,13,862.1538461538462,11208
Poecilimon cretensis_NC,077642.1,Poecilimon cretensis_NC_077642.1,0,13,862.1538461538462,11208
Poecilimon luschani,MK757458.1,Poecilimon luschani_MK757458.1,0,13,862.4615384615385,11212
Poecilimon luschani_NC,042665.1,Poecilimon luschani_NC_042665.1,0,13,862.4615384615385,11212
Polionemobius taprobanensis,OP854597.1,Polionemobius taprobanensis_OP854597.1,0,13,854.4615384615385,11108
Polionemobius taprobanensis,MK303552.1,Polionemobius taprobanensis_MK303552.1,0,13,854.1538461538462,11104
Polionemobius taprobanensis_NC,045848.1,Polionemobius taprobanensis_NC_045848.1,0,13,854.1538461538462,11104
Prumna arctica,GU294758.1,Prumna arctica_GU294758.1,0,13,861.0,11193
Prumna arctica_NC,013835.1,Prumna arctica_NC_013835.1,0,13,861.0,11193
Pseudocosmetura anjiensis,KX057711.1,Pseudocosmetura anjiensis_KX057711.1,0,13,862.9230769230769,11218
Pseudocosmetura anjiensis_NC,033853.1,Pseudocosmetura anjiensis_NC_033853.1,0,13,862.9230769230769,11218
Pseudoeoscyllina brevipennisoides,MN484604.1,Pseudoeoscyllina brevipennisoides_MN484604.1,0,13,860.6153846153846,11188
Pseudoeoscyllina brevipennisoides_NC,046534.1,Pseudoeoscyllina brevipennisoides_NC_046534.1,0,13,860.6153846153846,11188
Pseudoeoscyllina xilingensis,KU522120.1,Pseudoeoscyllina xilingensis_KU522120.1,0,13,860.9230769230769,11192
Pseudokuzicus pieli,KX057712.1,Pseudokuzicus pieli_KX057712.1,0,13,863.1538461538462,11221
Pseudokuzicus pieli_NC,033982.1,Pseudokuzicus pieli_NC_033982.1,0,13,863.1538461538462,11221
Pseudolebinthus sp. 1 RN-2019,MN414243.1,Pseudolebinthus sp. 1 RN-2019_MN414243.1,0,13,860.5384615384615,11187
Pseudophyllus titan,KY783906.1,Pseudophyllus titan_KY783906.1,0,13,864.6153846153846,11240
Pseudophyllus titan_NC,034773.1,Pseudophyllus titan_NC_034773.1,0,13,864.6153846153846,11240
Pseudorhynchus acuminatus,KX057732.1,Pseudorhynchus acuminatus_KX057732.1,0,13,863.0,11219
Pseudorhynchus acuminatus_NC,033992.1,Pseudorhynchus acuminatus_NC_033992.1,0,13,863.0,11219
Pseudorhynchus crassiceps,KX057728.1,Pseudorhynchus crassiceps_KX057728.1,0,13,863.2307692307693,11222
Pseudorhynchus crassiceps_NC,033990.1,Pseudorhynchus crassiceps_NC_033990.1,0,13,863.2307692307693,11222
Pseudothericles compressifrons,KM657335.1,Pseudothericles compressifrons_KM657335.1,0,13,852.5384615384615,11083
Pseudothericles compressifrons_NC,028061.1,Pseudothericles compressifrons_NC_028061.1,0,13,852.5384615384615,11083
Pseudotmethis rubimarginis,JX468878.1,Pseudotmethis rubimarginis_JX468878.1,0,13,860.2307692307693,11183
Pseudotmethis rubimarginis,PP887502.1,Pseudotmethis rubimarginis_PP887502.1,0,13,861.3846153846154,11198
Pseudotmethis rubimarginis_NC,020330.1,Pseudotmethis rubimarginis_NC_020330.1,0,13,860.2307692307693,11183
Pseudoxya diminuta,KM244694.1,Pseudoxya diminuta_KM244694.1,0,13,858.5384615384615,11161
Pseudoxya diminuta_NC,025765.1,Pseudoxya diminuta_NC_025765.1,0,13,858.5384615384615,11161
Psorodonotus venosus,MK951778.1,Psorodonotus venosus_MK951778.1,0,13,864.0769230769231,11233
Pternoscirta caliginosa,KX170937.1,Pternoscirta caliginosa_KX170937.1,0,12,874.9166666666666,10499
Pternoscirta caliginosa_NC,035227.1,Pternoscirta caliginosa_NC_035227.1,0,12,874.9166666666666,10499
Ptygomastax nihilsulcus,OQ241415.1,Ptygomastax nihilsulcus_OQ241415.1,0,12,845.3333333333334,10144
Pyrgacris descampsi,JX913771.1,Pyrgacris descampsi_JX913771.1,0,13,860.6923076923077,11189
Pyrgacris descampsi_NC,020776.1,Pyrgacris descampsi_NC_020776.1,0,13,860.6923076923077,11189
Pyrgodera armata,PP669992.1,Pyrgodera armata_PP669992.1,0,13,860.9230769230769,11192
Pyrgodera armata_NC,088744.1,Pyrgodera armata_NC_088744.1,0,13,860.9230769230769,11192
Qinlingacris elaeodes,KM068095.1,Qinlingacris elaeodes_KM068095.1,0,13,860.3076923076923,11184
Qinlingacris taibaiensis,KR108252.1,Qinlingacris taibaiensis_KR108252.1,0,13,860.3076923076923,11184
Qinlingacris taibaiensis_NC,027187.1,Qinlingacris taibaiensis_NC_027187.1,0,13,860.3076923076923,11184
Ramburiella turcomana,OQ516978.1,Ramburiella turcomana_OQ516978.1,0,13,862.0,11206
Ramburiella turcomana_NC,073554.1,Ramburiella turcomana_NC_073554.1,0,13,862.0,11206
Ranacris albicornis,ON943039.1,Ranacris albicornis_ON943039.1,0,13,859.6923076923077,11176
Ranacris albicornis_NC,071160.1,Ranacris albicornis_NC_071160.1,0,13,859.6923076923077,11176
Rhaphidophora duxiu,PP953500.1,Rhaphidophora duxiu_PP953500.1,0,13,862.0,11206
Rhaphidophora quadrispina,OL450400.1,Rhaphidophora quadrispina_OL450400.1,0,13,861.0,11193
Rhaphidophora quadrispina_NC,067624.1,Rhaphidophora quadrispina_NC_067624.1,0,13,861.0,11193
Rhaphidophoridae sp.,OR865114.1,Rhaphidophoridae sp._OR865114.1,0,13,863.4615384615385,11225
Rhinopodisma eminifrontus,MK903556.1,Rhinopodisma eminifrontus_MK903556.1,0,13,861.4615384615385,11199
Ruidocollaris convexipennis,MN083188.1,Ruidocollaris convexipennis_MN083188.1,0,13,860.8461538461538,11191
Ruidocollaris convexipennis_NC,046548.1,Ruidocollaris convexipennis_NC_046548.1,0,13,860.8461538461538,11191
Ruidocollaris obscura,KT345952.1,Ruidocollaris obscura_KT345952.1,0,13,861.2307692307693,11196
Ruidocollaris obscura_NC,028160.1,Ruidocollaris obscura_NC_028160.1,0,13,861.2307692307693,11196
Ruidocollaris sinensis,MT849268.1,Ruidocollaris sinensis_MT849268.1,0,13,862.0769230769231,11207
Ruspolia dubia,EF583824.1,Ruspolia dubia_EF583824.1,0,13,862.7692307692307,11216
Ruspolia dubia_NC,009876.1,Ruspolia dubia_NC_009876.1,0,13,862.7692307692307,11216
Ruspolia lineosa,KX057729.1,Ruspolia lineosa_KX057729.1,0,13,862.6153846153846,11214
Ruspolia lineosa,MK903572.1,Ruspolia lineosa_MK903572.1,0,13,863.2307692307693,11222
Ruspolia lineosa_NC,033991.1,Ruspolia lineosa_NC_033991.1,0,13,862.6153846153846,11214
Ruspolia sp. ZJZ-2017,KX057717.1,Ruspolia sp. ZJZ-2017_KX057717.1,0,13,862.6923076923077,11215
Ruspolia yunnana,MZ128147.1,Ruspolia yunnana_MZ128147.1,0,13,861.6923076923077,11202
Saussurella borneensis,MZ169555.1,Saussurella borneensis_MZ169555.1,0,13,854.0769230769231,11103
Saussurella cornuta,PQ835453.1,Saussurella cornuta_PQ835453.1,0,13,854.5384615384615,11109
Saussurella longiptera,PQ835454.1,Saussurella longiptera_PQ835454.1,0,13,854.5384615384615,11109
Scelimena melli,MW722938.1,Scelimena melli_MW722938.1,0,13,855.8461538461538,11126
Scelimena melli,PQ783660.1,Scelimena melli_PQ783660.1,0,13,855.6153846153846,11123
Scelimena sp. 1 JL-2023a,OP057410.1,Scelimena sp. 1 JL-2023a_OP057410.1,0,13,855.3846153846154,11120
Scelimena sp. 1 XDL-2023a,OR333957.1,Scelimena sp. 1 XDL-2023a_OR333957.1,0,13,855.8461538461538,11126
Schistocerca americana,OM650688.1,Schistocerca americana_OM650688.1,0,13,859.4615384615385,11173
Schistocerca americana_NC,061052.1,Schistocerca americana_NC_061052.1,0,13,859.4615384615385,11173
Schistocerca cancellata,ON530889.1,Schistocerca cancellata_ON530889.1,0,13,860.0,11180
Schistocerca cancellata_NC,063966.1,Schistocerca cancellata_NC_063966.1,0,13,860.0,11180
Schistocerca gregaria,ON764804.1,Schistocerca gregaria_ON764804.1,0,13,859.9230769230769,11179
Schistocerca gregaria gregaria,GQ491031.1,Schistocerca gregaria gregaria_GQ491031.1,0,13,860.8461538461538,11191
Schistocerca gregaria gregaria_NC,013240.1,Schistocerca gregaria gregaria_NC_013240.1,0,13,860.8461538461538,11191
Schistocerca gregaria_NC,064683.1,Schistocerca gregaria_NC_064683.1,0,13,859.9230769230769,11179
Schistocerca nitens,ON530890.1,Schistocerca nitens_ON530890.1,0,13,860.6923076923077,11189
Schistocerca nitens_NC,063967.1,Schistocerca nitens_NC_063967.1,0,13,860.6923076923077,11189
Schistocerca piceifrons,OM650689.1,Schistocerca piceifrons_OM650689.1,0,13,860.3846153846154,11185
Schistocerca piceifrons_NC,061053.1,Schistocerca piceifrons_NC_061053.1,0,13,860.3846153846154,11185
Schistocerca serialis cubense,ON530891.1,Schistocerca serialis cubense_ON530891.1,0,13,859.9230769230769,11179
Schistocerca serialis cubense_NC,064613.1,Schistocerca serialis cubense_NC_064613.1,0,13,859.9230769230769,11179
Schizodactylus jimo,OP178893.1,Schizodactylus jimo_OP178893.1,0,13,862.7692307692307,11216
Schizodactylus jimo_NC,068225.1,Schizodactylus jimo_NC_068225.1,0,13,862.7692307692307,11216
Scintharista notabilis,OQ916351.1,Scintharista notabilis_OQ916351.1,0,13,860.0,11180
Sclerogryllus punctatus,OL875084.1,Sclerogryllus punctatus_OL875084.1,0,13,858.3846153846154,11159
Sclerogryllus punctatus_NC,067967.1,Sclerogryllus punctatus_NC_067967.1,0,13,858.3846153846154,11159
Shirakiacris shirakii,KC542807.1,Shirakiacris shirakii_KC542807.1,0,13,860.3846153846154,11185
Shirakiacris shirakii_NC,021610.1,Shirakiacris shirakii_NC_021610.1,0,13,860.3846153846154,11185
Shirakiacris yunkweiensis,MN046218.1,Shirakiacris yunkweiensis_MN046218.1,0,13,861.1538461538462,11195
Shirakiacris yunkweiensis_NC,046531.1,Shirakiacris yunkweiensis_NC_046531.1,0,13,861.1538461538462,11195
Shoveliteratura triangula,MN395747.1,Shoveliteratura triangula_MN395747.1,0,13,862.9230769230769,11218
Shoveliteratura triangula_NC,048466.1,Shoveliteratura triangula_NC_048466.1,0,13,862.9230769230769,11218
Sichuana cryptospina,PV344605.1,Sichuana cryptospina_PV344605.1,0,13,858.3076923076923,11158
Sichuana curvicercata,PV278056.1,Sichuana curvicercata_PV278056.1,0,13,859.3076923076923,11171
Sigaus australis,OR605599.1,Sigaus australis_OR605599.1,0,13,861.0769230769231,11194
Similameconema sinica,MK903580.1,Similameconema sinica_MK903580.1,0,13,863.2307692307693,11222
Sinochlora longifissa,KC467055.1,Sinochlora longifissa_KC467055.1,0,13,859.4615384615385,11173
Sinochlora longifissa_NC,021424.1,Sinochlora longifissa_NC_021424.1,0,13,859.4615384615385,11173
Sinochlora sinensis,MK903598.1,Sinochlora sinensis_MK903598.1,0,13,861.5384615384615,11200
Sinochlora szechwanensis,KX354724.1,Sinochlora szechwanensis_KX354724.1,0,13,859.6923076923077,11176
Sinochlora szechwanensis_NC,034994.1,Sinochlora szechwanensis_NC_034994.1,0,13,859.6923076923077,11176
Sinomastax longicornea,OQ241416.1,Sinomastax longicornea_OQ241416.1,0,12,845.0833333333334,10141
Sinopodisma funiushana,MN083186.1,Sinopodisma funiushana_MN083186.1,0,13,860.3846153846154,11185
Sinopodisma funiushana_NC,046546.1,Sinopodisma funiushana_NC_046546.1,0,13,860.3846153846154,11185
Sinopodisma hengshanica,MK352101.1,Sinopodisma hengshanica_MK352101.1,0,13,860.3846153846154,11185
Sinopodisma houshana,KX857634.1,Sinopodisma houshana_KX857634.1,0,13,857.6153846153846,11149
Sinopodisma houshana_NC,033905.1,Sinopodisma houshana_NC_033905.1,0,13,857.6153846153846,11149
Sinopodisma kelloggii,OP373197.1,Sinopodisma kelloggii_OP373197.1,0,13,860.8461538461538,11191
Sinopodisma kelloggii_NC,071954.1,Sinopodisma kelloggii_NC_071954.1,0,13,860.8461538461538,11191
Sinopodisma lofaoshana,MN083206.1,Sinopodisma lofaoshana_MN083206.1,0,13,860.3846153846154,11185
Sinopodisma lofaoshana_NC,046562.1,Sinopodisma lofaoshana_NC_046562.1,0,13,860.3846153846154,11185
Sinopodisma lushiensis,MN083189.1,Sinopodisma lushiensis_MN083189.1,0,13,859.9230769230769,11179
Sinopodisma lushiensis_NC,046549.1,Sinopodisma lushiensis_NC_046549.1,0,13,859.9230769230769,11179
Sinopodisma pieli,KY618865.1,Sinopodisma pieli_KY618865.1,0,13,860.3846153846154,11185
Sinopodisma pieli_NC,051867.1,Sinopodisma pieli_NC_051867.1,0,13,860.3846153846154,11185
Sinopodisma qinlingensis,KX857636.1,Sinopodisma qinlingensis_KX857636.1,0,13,859.9230769230769,11179
Sinopodisma qinlingensis_NC,056238.1,Sinopodisma qinlingensis_NC_056238.1,0,13,859.9230769230769,11179
Sinopodisma rostellocerca,MT340752.1,Sinopodisma rostellocerca_MT340752.1,0,13,861.5384615384615,11200
Sinopodisma rostellocerca_NC,052716.1,Sinopodisma rostellocerca_NC_052716.1,0,13,861.5384615384615,11200
Sinopodisma tsinlingensis,KX857635.1,Sinopodisma tsinlingensis_KX857635.1,0,13,859.6923076923077,11176
Sinopodisma tsinlingensis,KX781264.1,Sinopodisma tsinlingensis_KX781264.1,0,13,860.6153846153846,11188
Sinopodisma tsinlingensis_NC,032303.1,Sinopodisma tsinlingensis_NC_032303.1,0,13,860.6153846153846,11188
Sinopodisma wudangshanensis,MN083187.1,Sinopodisma wudangshanensis_MN083187.1,0,13,860.3846153846154,11185
Sinopodisma wudangshanensis_NC,046547.1,Sinopodisma wudangshanensis_NC_046547.1,0,13,860.3846153846154,11185
Sinopodisma wulingshanensis,KX857637.1,Sinopodisma wulingshanensis_KX857637.1,0,13,859.6923076923077,11176
Sinopodisma wulingshanensis_NC,033906.1,Sinopodisma wulingshanensis_NC_033906.1,0,13,859.6923076923077,11176
Sinotmethis amicus,MK903573.2,Sinotmethis amicus_MK903573.2,0,13,860.4615384615385,11186
Sinotmethis brachypterus,KP170509.1,Sinotmethis brachypterus_KP170509.1,0,13,860.0769230769231,11181
Sinotmethis brachypterus_NC,026525.1,Sinotmethis brachypterus_NC_026525.1,0,13,860.0769230769231,11181
Spathosternum prasiniferum prasiniferum,MN046219.1,Spathosternum prasiniferum prasiniferum_MN046219.1,0,13,862.0769230769231,11207
Spathosternum prasiniferum prasiniferum_NC,046532.1,Spathosternum prasiniferum prasiniferum_NC_046532.1,0,13,862.0769230769231,11207
Spathosternum prasiniferum sinense,KM588074.1,Spathosternum prasiniferum sinense_KM588074.1,0,13,860.5384615384615,11187
Sphagniana ussuriana,KY783907.1,Sphagniana ussuriana_KY783907.1,0,13,864.3846153846154,11237
Sphingonotus coerulipes,PP669997.1,Sphingonotus coerulipes_PP669997.1,0,13,860.9230769230769,11192
Sphingonotus coerulipes_NC,088746.1,Sphingonotus coerulipes_NC_088746.1,0,13,860.9230769230769,11192
Sphingonotus finotianus,OQ916352.1,Sphingonotus finotianus_OQ916352.1,0,13,860.4615384615385,11186
Sphingonotus maculatus petraeus,PP669998.1,Sphingonotus maculatus petraeus_PP669998.1,0,13,860.9230769230769,11192
Sphingonotus menglaensis,MN083190.1,Sphingonotus menglaensis_MN083190.1,0,13,861.6153846153846,11201
Sphingonotus menglaensis_NC,046550.1,Sphingonotus menglaensis_NC_046550.1,0,13,861.6153846153846,11201
Sphingonotus mongolicus,OP373198.1,Sphingonotus mongolicus_OP373198.1,0,13,860.9230769230769,11192
Sphingonotus mongolicus_NC,071955.1,Sphingonotus mongolicus_NC_071955.1,0,13,860.9230769230769,11192
Sphingonotus nebulosus nebulosus,PP669990.1,Sphingonotus nebulosus nebulosus_PP669990.1,0,13,861.6153846153846,11201
Sphingonotus ningsianus,MN083207.1,Sphingonotus ningsianus_MN083207.1,0,13,861.1538461538462,11195
Sphingonotus ningsianus_NC,046563.1,Sphingonotus ningsianus_NC_046563.1,0,13,861.1538461538462,11195
Sphingonotus obscuratus latissimus,PP669996.1,Sphingonotus obscuratus latissimus_PP669996.1,0,13,861.6153846153846,11201
Sphingonotus octofasciatus,OQ918632.1,Sphingonotus octofasciatus_OQ918632.1,0,13,859.7692307692307,11177
Sphingonotus salinus,PP503007.1,Sphingonotus salinus_PP503007.1,0,13,861.8461538461538,11204
Sphingonotus salinus_NC,088037.1,Sphingonotus salinus_NC_088037.1,0,13,861.8461538461538,11204
Sphingonotus savignyi,OQ918633.1,Sphingonotus savignyi_OQ918633.1,0,13,860.4615384615385,11186
Sphingonotus turcmenus,PP588451.1,Sphingonotus turcmenus_PP588451.1,0,13,861.6153846153846,11201
Sphingonotus turcmenus_NC,088529.1,Sphingonotus turcmenus_NC_088529.1,0,13,861.6153846153846,11201
Sphingonotus yenchihensis,MN083208.1,Sphingonotus yenchihensis_MN083208.1,0,13,861.6153846153846,11201
Sphingonotus yenchihensis_NC,046564.1,Sphingonotus yenchihensis_NC_046564.1,0,13,861.6153846153846,11201
Stenocatantops mistshenkoi,MT340753.1,Stenocatantops mistshenkoi_MT340753.1,0,13,861.6153846153846,11201
Stenocatantops mistshenkoi,MT916714.1,Stenocatantops mistshenkoi_MT916714.1,0,13,861.6153846153846,11201
Stenocatantops mistshenkoi_NC,052717.1,Stenocatantops mistshenkoi_NC_052717.1,0,13,861.6153846153846,11201
Stenocatantops splendens,MK059457.1,Stenocatantops splendens_MK059457.1,0,13,860.4615384615385,11186
Stenocatantops splendens,MN083191.1,Stenocatantops splendens_MN083191.1,0,13,860.4615384615385,11186
Stenocatantops splendens,MT916715.1,Stenocatantops splendens_MT916715.1,0,13,861.6153846153846,11201
Stenocatantops splendens_NC,041115.1,Stenocatantops splendens_NC_041115.1,0,13,860.4615384615385,11186
Stenopelmatus fuscus,KM657331.1,Stenopelmatus fuscus_KM657331.1,0,13,861.9230769230769,11205
Stenopelmatus fuscus_NC,028058.1,Stenopelmatus fuscus_NC_028058.1,0,13,861.9230769230769,11205
Stenopelmatus sp.,OP699671.1,Stenopelmatus sp._OP699671.1,0,13,858.7692307692307,11164
Stenopelmatus sp.,OP699673.1,Stenopelmatus sp._OP699673.1,0,13,859.6923076923077,11176
Stenopelmatus sp.,OP699674.1,Stenopelmatus sp._OP699674.1,0,13,858.9230769230769,11166
Stenopelmatus typhlops,OP699672.1,Stenopelmatus typhlops_OP699672.1,0,13,858.7692307692307,11164
Stenopelmatus typhlops_NC,072277.1,Stenopelmatus typhlops_NC_072277.1,0,13,858.7692307692307,11164
Svistella anhuiensis,MG701238.1,Svistella anhuiensis_MG701238.1,0,13,860.0,11180
Svistella anhuiensis_NC,053543.1,Svistella anhuiensis_NC_053543.1,0,13,860.0,11180
Systolederus spicupennis,MH791445.1,Systolederus spicupennis_MH791445.1,0,13,848.1538461538462,11026
Tachycines shuangcha,OM993275.1,Tachycines shuangcha_OM993275.1,0,13,862.6923076923077,11215
Tachycines shuangcha_NC,068194.1,Tachycines shuangcha_NC_068194.1,0,13,862.6923076923077,11215
Tachycines zorzini,MW322826.1,Tachycines zorzini_MW322826.1,0,13,864.0,11232
Tachycines zorzini_NC,057442.1,Tachycines zorzini_NC_057442.1,0,13,864.0,11232
Tagasta indica,MK080200.1,Tagasta indica_MK080200.1,0,13,859.3076923076923,11171
Tagasta indica_NC,045930.1,Tagasta indica_NC_045930.1,0,13,859.3076923076923,11171
Tagasta tonkinensis,OR074480.1,Tagasta tonkinensis_OR074480.1,0,13,859.5384615384615,11174
Tagasta tonkinensis_NC,081016.1,Tagasta tonkinensis_NC_081016.1,0,13,859.5384615384615,11174
Talitropsis sedilloti,OR551721.1,Talitropsis sedilloti_OR551721.1,0,13,862.3846153846154,11211
Tanaocerus koebelei,JX913774.1,Tanaocerus koebelei_JX913774.1,0,13,857.1538461538462,11143
Tanaocerus koebelei_NC,020777.1,Tanaocerus koebelei_NC_020777.1,0,13,857.1538461538462,11143
Tarbinskiellus portentosus,MZ427921.1,Tarbinskiellus portentosus_MZ427921.1,0,13,861.7692307692307,11203
Tarbinskiellus portentosus,BK059220.1,Tarbinskiellus portentosus_BK059220.1,0,13,861.7692307692307,11203
Tarbinskiellus sp.,MZ440655.1,Tarbinskiellus sp._MZ440655.1,0,13,861.5384615384615,11200
Tarragoilus diuturnus,JQ999995.1,Tarragoilus diuturnus_JQ999995.1,0,13,863.3076923076923,11223
Tarragoilus diuturnus_NC,021397.1,Tarragoilus diuturnus_NC_021397.1,0,13,863.3076923076923,11223
Teleogryllus emma,KU562917.1,Teleogryllus emma_KU562917.1,0,13,866.3076923076923,11262
Teleogryllus emma,MZ440653.1,Teleogryllus emma_MZ440653.1,0,13,862.5384615384615,11213
Teleogryllus emma,EU557269.1,Teleogryllus emma_EU557269.1,0,13,856.0,11128
Teleogryllus emma_NC,011823.1,Teleogryllus emma_NC_011823.1,0,13,856.0,11128
Teleogryllus infernalis,MK903574.2,Teleogryllus infernalis_MK903574.2,0,13,858.9230769230769,11166
Teleogryllus mitratus,PP297527.1,Teleogryllus mitratus_PP297527.1,0,13,861.7692307692307,11203
Teleogryllus occipitalis,MZ440652.1,Teleogryllus occipitalis_MZ440652.1,0,13,862.3076923076923,11210
Teleogryllus oceanicus,KT824636.1,Teleogryllus oceanicus_KT824636.1,0,13,857.0,11141
Teleogryllus oceanicus_NC,028619.1,Teleogryllus oceanicus_NC_028619.1,0,13,857.0,11141
Teredorus anhuiensis,OP113951.1,Teredorus anhuiensis_OP113951.1,0,13,851.6153846153846,11071
Teredorus anhuiensis_NC,071822.1,Teredorus anhuiensis_NC_071822.1,0,13,851.6153846153846,11071
Teredorus bashanensis,MZ041208.1,Teredorus bashanensis_MZ041208.1,0,13,849.0,11037
Teredorus bashanensis_NC,063118.1,Teredorus bashanensis_NC_063118.1,0,13,849.0,11037
Teredorus guangxiensis,OR260079.1,Teredorus guangxiensis_OR260079.1,0,13,854.7692307692307,11112
Teredorus guangxiensis_NC,082935.1,Teredorus guangxiensis_NC_082935.1,0,13,854.7692307692307,11112
Teredorus hainanensis,MZ041207.1,Teredorus hainanensis_MZ041207.1,0,13,853.1538461538462,11091
Teredorus hainanensis_NC,063117.1,Teredorus hainanensis_NC_063117.1,0,13,853.1538461538462,11091
Tetrix japonica,JQ340002.1,Tetrix japonica_JQ340002.1,0,13,854.3846153846154,11107
Tetrix japonica_NC,018543.1,Tetrix japonica_NC_018543.1,0,13,854.3846153846154,11107
Tetrix ruyuanensis,MN083180.1,Tetrix ruyuanensis_MN083180.1,0,13,853.3846153846154,11094
Tetrix ruyuanensis_NC,046412.1,Tetrix ruyuanensis_NC_046412.1,0,13,853.3846153846154,11094
Thalpomena coerulescens,OQ916347.1,Thalpomena coerulescens_OQ916347.1,0,13,861.3846153846154,11198
Thoradonta yunnana,OP650113.1,Thoradonta yunnana_OP650113.1,0,13,853.7692307692307,11099
Thoradonta yunnana,OP805341.1,Thoradonta yunnana_OP805341.1,0,13,853.7692307692307,11099
Thoradonta yunnana_NC,071832.1,Thoradonta yunnana_NC_071832.1,0,13,853.7692307692307,11099
Thrinchus schrenkii,GU181288.1,Thrinchus schrenkii_GU181288.1,0,13,861.3076923076923,11197
Thrinchus schrenkii_NC,014610.1,Thrinchus schrenkii_NC_014610.1,0,13,860.9230769230769,11192
Timanthes sp. f ZQH-2022,ON023591.1,Timanthes sp. f ZQH-2022_ON023591.1,0,13,867.0,11271
Tonkinacris sinensis,KX375764.1,Tonkinacris sinensis_KX375764.1,0,13,860.0,11180
Tonkinacris sinensis_NC,032716.1,Tonkinacris sinensis_NC_032716.1,0,13,860.0,11180
Transaevum laudatum,PQ442189.1,Transaevum laudatum_PQ442189.1,0,13,863.1538461538462,11221
Traulia lofaoshana,MN083192.1,Traulia lofaoshana_MN083192.1,0,13,860.6153846153846,11188
Traulia lofaoshana,MT340754.1,Traulia lofaoshana_MT340754.1,0,13,861.6153846153846,11201
Traulia lofaoshana_NC,046551.1,Traulia lofaoshana_NC_046551.1,0,13,860.6153846153846,11188
Traulia minuta,MF113247.1,Traulia minuta_MF113247.1,0,13,860.6923076923077,11189
Traulia minuta_NC,036063.1,Traulia minuta_NC_036063.1,0,13,860.6923076923077,11189
Traulia nigritibialis,MK059456.1,Traulia nigritibialis_MK059456.1,0,13,861.3076923076923,11197
Traulia nigritibialis_NC,041114.1,Traulia nigritibialis_NC_041114.1,0,13,861.3076923076923,11197
Traulia orchotibialis,MN083209.1,Traulia orchotibialis_MN083209.1,0,13,860.6153846153846,11188
Traulia orchotibialis_NC,046565.1,Traulia orchotibialis_NC_046565.1,0,13,860.6153846153846,11188
Traulia szetschuanensis,EU914849.1,Traulia szetschuanensis_EU914849.1,0,13,860.3076923076923,11184
Traulia szetschuanensis_NC,013826.1,Traulia szetschuanensis_NC_013826.1,0,13,860.3076923076923,11184
Tridactylus sp. NS-2016,KX673204.1,Tridactylus sp. NS-2016_KX673204.1,0,13,857.6923076923077,11150
Trigonidium sjostedti,KX673205.1,Trigonidium sjostedti_KX673205.1,0,13,861.6153846153846,11201
Trigonidium sjostedti_NC,032077.1,Trigonidium sjostedti_NC_032077.1,0,13,861.6153846153846,11201
Trilophidia annulata,KP233803.1,Trilophidia annulata_KP233803.1,0,13,859.6923076923077,11176
Trilophidia annulata,MK903576.1,Trilophidia annulata_MK903576.1,0,13,860.3846153846154,11185
Trilophidia annulata_NC,027179.1,Trilophidia annulata_NC_027179.1,0,13,859.6923076923077,11176
Tripetaloceroides tonkinensis,MW770353.1,Tripetaloceroides tonkinensis_MW770353.1,0,13,857.0,11141
Tristira magellanica,JX913765.1,Tristira magellanica_JX913765.1,0,13,861.6153846153846,11201
Tristira magellanica_NC,020773.1,Tristira magellanica_NC_020773.1,0,13,861.6153846153846,11201
Troglophilus neglectus,EU938374.1,Troglophilus neglectus_EU938374.1,0,13,862.2307692307693,11209
Troglophilus neglectus_NC,011306.1,Troglophilus neglectus_NC_011306.1,0,13,862.2307692307693,11209
Truljalia hibinonis,KY783909.1,Truljalia hibinonis_KY783909.1,0,13,857.0769230769231,11142
Truljalia hibinonis_NC,034797.1,Truljalia hibinonis_NC_034797.1,0,13,857.0769230769231,11142
Tuarega ouarzazatensis,HQ833841.1,Tuarega ouarzazatensis_HQ833841.1,0,13,859.0769230769231,11168
Turanogryllus eous,MK656322.1,Turanogryllus eous_MK656322.1,0,13,859.7692307692307,11177
Turanogryllus eous_NC,060317.1,Turanogryllus eous_NC_060317.1,0,13,859.7692307692307,11177
Tympanophyllum maximum,OM966853.1,Tympanophyllum maximum_OM966853.1,0,13,863.5384615384615,11226
Tympanophyllum maximum_NC,077562.1,Tympanophyllum maximum_NC_077562.1,0,13,863.5384615384615,11226
Ultragryllacris pulchra rubricapitis,OM731664.1,Ultragryllacris pulchra rubricapitis_OM731664.1,0,13,866.7692307692307,11268
Ultragryllacris sp. 1 JL-2022a,OM731663.1,Ultragryllacris sp. 1 JL-2022a_OM731663.1,0,13,863.3076923076923,11223
Uvaroviola multispinosa,MK829651.1,Uvaroviola multispinosa_MK829651.1,0,13,861.2307692307693,11196
Uvaroviola multispinosa_NC,053942.1,Uvaroviola multispinosa_NC_053942.1,0,13,861.2307692307693,11196
Uvarovites inflatus,KP098593.1,Uvarovites inflatus_KP098593.1,0,13,862.9230769230769,11218
Velarifictorus hemelytrus,KU562918.1,Velarifictorus hemelytrus_KU562918.1,0,13,859.9230769230769,11179
Velarifictorus hemelytrus_NC,030762.1,Velarifictorus hemelytrus_NC_030762.1,0,13,859.9230769230769,11179
Vescelia pieli,ON055370.1,Vescelia pieli_ON055370.1,0,13,860.0769230769231,11181
Vescelia pieli_NC,087743.1,Vescelia pieli_NC_087743.1,0,13,860.0769230769231,11181
Xenocatantops brachycerus,MT916716.1,Xenocatantops brachycerus_MT916716.1,0,13,861.0769230769231,11194
Xenocatantops brachycerus,KC542806.1,Xenocatantops brachycerus_KC542806.1,0,13,860.6153846153846,11188
Xenocatantops brachycerus_NC,021609.1,Xenocatantops brachycerus_NC_021609.1,0,13,860.6153846153846,11188
Xenocatantops humilis,OP373199.1,Xenocatantops humilis_OP373199.1,0,13,861.0,11193
Xenocatantops humilis,OQ282992.1,Xenocatantops humilis_OQ282992.1,0,13,860.6923076923077,11189
Xenocatantops humilis_NC,071956.1,Xenocatantops humilis_NC_071956.1,0,13,861.0,11193
Xenogryllus lamottei,OQ457268.1,Xenogryllus lamottei_OQ457268.1,0,13,867.0,11271
Xenogryllus maniema,OQ457269.1,Xenogryllus maniema_OQ457269.1,0,13,862.3076923076923,11210
Xenogryllus marmoratus,MK033622.1,Xenogryllus marmoratus_MK033622.1,0,13,861.3846153846154,11198
Xenogryllus marmoratus,MK903577.2,Xenogryllus marmoratus_MK903577.2,0,13,859.7692307692307,11177
Xenogryllus marmoratus_NC,041236.1,Xenogryllus marmoratus_NC_041236.1,0,13,861.3846153846154,11198
Xiangelilacris zhongdianensis,MN046220.1,Xiangelilacris zhongdianensis_MN046220.1,0,13,860.3846153846154,11185
Xiangelilacris zhongdianensis_NC,046533.1,Xiangelilacris zhongdianensis_NC_046533.1,0,13,860.3846153846154,11185
Xiphidiopsis gurneyi,MH198673.1,Xiphidiopsis gurneyi_MH198673.1,0,13,863.0,11219
Xiphidiopsis gurneyi_NC,039981.1,Xiphidiopsis gurneyi_NC_039981.1,0,13,863.0,11219
Xistra zhengi,PP072313.1,Xistra zhengi_PP072313.1,0,13,854.4615384615385,11108
Xizicus fascipes,OM892714.1,Xizicus fascipes_OM892714.1,0,13,862.6923076923077,11215
Xizicus fascipes,JQ326212.1,Xizicus fascipes_JQ326212.1,0,13,863.1538461538462,11221
Xizicus fascipes_NC,018765.1,Xizicus fascipes_NC_018765.1,0,13,863.1538461538462,11221
Xizicus howardi,KY458226.1,Xizicus howardi_KY458226.1,0,13,862.2307692307693,11209
Xizicus maculatus,MG779499.1,Xizicus maculatus_MG779499.1,0,13,862.9230769230769,11218
Xizicus maculatus_NC,040974.1,Xizicus maculatus_NC_040974.1,0,13,862.9230769230769,11218
Xya japonica,KC555032.1,Xya japonica_KC555032.1,0,13,858.8461538461538,11165
Xya japonica,MK903575.2,Xya japonica_MK903575.2,0,13,859.9230769230769,11179
Xyleus modestus,GU945503.1,Xyleus modestus_GU945503.1,0,13,859.3076923076923,11171
Xyleus modestus_NC,014490.1,Xyleus modestus_NC_014490.1,0,13,859.3076923076923,11171
Yunnanacris wenshanensis,KX296781.1,Yunnanacris wenshanensis_KX296781.1,0,13,860.2307692307693,11183
Yunnanacris yunnaneus,KX223964.1,Yunnanacris yunnaneus_KX223964.1,0,13,860.8461538461538,11191
Yunnanacris yunnaneus_NC,030586.1,Yunnanacris yunnaneus_NC_030586.1,0,13,860.8461538461538,11191
Yunnanites coriacea,MK903578.2,Yunnanites coriacea_MK903578.2,0,13,859.2307692307693,11170
Zhengitettix curvispinus,PQ783659.1,Zhengitettix curvispinus_PQ783659.1,0,13,855.4615384615385,11121
Zhengitettix transpicula,PQ869509.1,Zhengitettix transpicula_PQ869509.1,0,13,853.9230769230769,11101
Zichya baranovi,KX057716.1,Zichya baranovi_KX057716.1,0,13,862.1538461538462,11208
Zichya baranovi_NC,033984.1,Zichya baranovi_NC_033984.1,0,13,862.1538461538462,11208
Zichya tenggerensis,MT849271.1,Zichya tenggerensis_MT849271.1,0,13,862.3076923076923,11210
Zubovskya koeppeni,MK903579.2,Zubovskya koeppeni_MK903579.2,0,13,860.3846153846154,11185
